year,month,precip,TMAX,TMIN,TAVG,ET,DIF
2010,3,66.88,8.07,-3.38,2.34,44.4,11.4554838709677
2010,4,4.58,18.44,2.59,10.52,97.07,15.8473333333333
2010,5,104.87,25.5,9.65,17.58,152.72,15.848064516129
2010,6,88.66,25.6,11.54,18.57,158.34,14.0616666666667
2010,7,45.97,31.07,16.13,23.6,193.99,14.9351612903226
2010,8,71.86,29.73,14.06,21.89,176.55,15.6722580645161
2010,9,256.62,23.04,8.83,15.93,116.17,14.2126666666667
2010,10,110.35,18.28,5.28,11.78,76.72,12.9990322580645
2010,11,113.1,11.38,1.02,6.2,37.57,10.3563333333333
2010,12,63.62,4.13,-5.73,-0.8,19.94,9.85838709677419
2011,1,182.06,6.19,-5.65,0.27,22.28,11.8335483870968
2011,2,81.06,4.21,-7.48,-1.64,23.32,11.6910714285714
2011,3,112.62,11.42,-1.15,5.13,52.95,12.5687096774194
2011,4,62.51,18.32,4.27,11.3,71.01,14.045
2011,5,104.02,22.26,7.61,14.93,107.89,14.6503225806452
2011,6,116.88,28.89,14.14,21.52,163.71,14.744
2011,7,112.16,30.78,17.53,24.15,177.29,13.2474193548387
2011,8,139.44,28.16,14.64,21.4,174.76,13.5183870967742
2011,9,111.17,23.06,9.96,16.51,139.53,13.1013333333333
2011,10,207.92,19.29,4.24,11.76,104.78,15.0529032258064
2011,11,210.79,11.92,2.08,7,55.97,9.84266666666667
2011,12,96.5,5.84,-3.66,1.09,28.33,9.50225806451613
2012,1,50.26,-0.28,-12.48,-6.38,14.91,12.2035483870968
2012,2,97.97,4.16,-8.27,-2.05,19.9,12.4346428571429
2012,3,180.04,6.1,-4.7,0.7,25.65,10.7941935483871
2012,4,148.61,16.25,2.57,9.41,65.53,13.6796666666667
2012,5,90.25,23.3,8.49,15.89,84.42,14.8009677419355
2012,6,51.44,27.71,12.4,20.05,127.56,15.3153333333333
2012,7,168.6,29.68,16.62,23.15,160.44,13.0525806451613
2012,8,225.2,29,15.56,22.28,170.55,13.4316129032258
2012,9,43.64,23.2,7.3,15.25,159.82,15.9033333333333
2012,10,68.95,17.71,3.25,10.48,120.84,14.4645161290323
2012,11,112.92,10.05,-1.27,4.39,68.21,11.3223333333333
2012,12,122.86,6.08,-4.36,0.86,43.39,10.4474193548387
2013,1,205.26,1.8,-8.73,-3.47,22.63,10.5325806451613
2013,2,130.85,5.89,-3.58,1.16,21.8,9.475
2013,3,76.21,8.05,-2.62,2.71,24.01,10.6616129032258
2013,4,80.09,16.64,2.19,9.42,43.66,14.4496666666667
2013,5,114.98,22.88,9.59,16.24,80.81,13.2912903225806
2013,6,132.37,26.36,12.84,19.6,89.56,13.5203333333333
2013,7,76.85,30.03,16.95,23.49,128.6,13.0803225806452
2013,8,67.61,28.91,16.18,22.55,156.11,12.7283870967742
2013,9,123.83,24.14,11.98,18.06,145.21,12.162
2013,10,82.54,18.78,4.93,11.86,133.82,13.8483870967742
2013,11,173.26,11.61,0.86,6.23,88.57,10.7576666666667
2013,12,142.9,4.96,-5.37,-0.21,51.67,10.3348387096774
2014,1,27.59,-0.31,-13.78,-7.04,28.4,13.47
2014,2,66.1,4.66,-8.74,-2.04,28.06,13.3928571428571
2014,3,162.5,10.82,-1.25,4.78,29.31,12.07
2014,4,91.27,14.63,2.14,8.39,33.16,12.4866666666667
2014,5,169.19,22.99,8.21,15.6,54.18,14.7741935483871
2014,6,89.2,26.18,13.77,19.98,86.67,12.4133333333333
2014,7,129.67,29.9,16.98,23.44,96.52,12.9190322580645
2014,8,183.94,27.61,13.82,20.71,123.15,13.788064516129
2014,9,287.5,23.31,11.85,17.58,129.9,11.462
2014,10,308.45,16.85,4,10.43,117.49,12.8509677419355
2014,11,79.64,10.57,-0.17,5.2,91.4,10.74
2014,12,116.72,3.34,-7.18,-1.92,57.85,10.5177419354839
2015,1,29.57,4.63,-6.31,-0.84,51.26,10.9448387096774
2015,2,36.32,5.07,-9.17,-2.05,42.74,14.235
2015,3,85.64,6.22,-5.05,0.58,30.02,11.2703225806452
2015,4,115,14.57,2.21,8.39,34.4,12.3656666666667
2015,5,245.9,22.68,9.32,16,44.27,13.3545161290323
2015,6,126.48,25.88,13.53,19.7,55.62,12.354
2015,7,57.76,28.84,14.17,21.5,98.02,14.6674193548387
2015,8,227.6,27.86,15.56,21.71,90.23,12.2983870967742
2015,9,97.15,22.79,9.67,16.23,106.14,13.1206666666667
2015,10,69.47,16.99,4.12,10.55,110.31,12.8693548387097
2015,11,133.73,7.59,-2.9,2.35,75.77,10.4896666666667
2015,12,111.2,0.3,-11.86,-5.78,50.83,12.1567741935484
2016,1,29,2.92,-11.34,-4.21,57.64,14.2603225806452
2016,2,83.95,3.82,-9.02,-2.6,49.75,12.8332142857143
2016,3,162.9,10.27,-0.56,4.86,53.65,10.8329032258065
2016,4,102.64,16.57,3.08,9.82,49.37,13.4963333333333
2016,5,91.26,21.2,7.11,14.16,44.81,14.0906451612903
2016,6,76.03,25.68,11.21,18.45,49.41,14.4676666666667
2016,7,11.89,32.08,16.44,24.26,70.18,15.6367741935484
2016,8,13.02,29.9,13.63,21.77,103.95,16.2767741935484
2016,9,248.32,22.49,10.97,16.73,76.32,11.5213333333333
2016,10,142.33,17.33,3.76,10.55,89.92,13.5690322580645
2016,11,56.38,12.42,0.13,6.28,91.54,12.293
2016,12,74.89,5.01,-4.69,0.16,64.93,9.69483870967742
2017,1,71.05,-1.31,-12.32,-6.82,44.2,11.0138709677419
2017,2,22.94,4.05,-6.83,-1.39,60.82,10.8778571428571
2017,3,78.95,8.81,-2.75,3.03,64.69,11.5558064516129
2017,4,211.24,14.7,3.31,9.01,65.08,11.3883333333333
2017,5,228.28,19.76,7.43,13.6,53.65,12.3396774193548
2017,6,114.96,25.08,12.02,18.55,49.08,13.064
2017,7,137.95,28.74,16.69,22.72,50.42,12.0529032258065
2017,8,105.12,28.66,16.13,22.4,60.06,12.5370967741935
2017,9,34.58,26.21,13.58,19.89,87.23,12.6286666666667
2017,10,139.93,17.34,4.71,11.02,66.69,12.6248387096774
2017,11,203.96,10.6,-0.3,5.15,65.24,10.9006666666667
2017,12,17.82,7.99,-2.49,2.75,72.13,10.4761290322581
2018,1,141.06,1.88,-9.35,-3.73,54.74,11.2290322580645
2018,2,80.24,1.28,-10.96,-4.84,54.97,12.2425
2018,3,27.41,9.64,-1.76,3.94,82.45,11.3945161290323
2018,4,114.3,17.67,4.37,11.02,96.02,13.301
2018,5,88.2,23.91,9.19,16.55,94.82,14.7212903225806
2018,6,53.93,26.21,13.72,19.97,64.93,12.49
2018,7,151.16,28.05,15.25,21.65,52.73,12.8006451612903
2018,8,80.42,28.17,15.9,22.03,50.03,12.2793548387097
2018,9,71.11,22.93,9.49,16.21,52.6,13.4363333333333
2018,10,46.73,17.19,3.45,10.32,67.87,13.7412903225806
2018,11,12.74,11.28,-0.54,5.37,51.89,11.8233333333333
2018,12,85.38,3.29,-7.68,-2.19,44.51,10.968064516129
2019,1,249.58,2.35,-6.08,-1.86,50.15,8.42225806451613
2019,2,87.08,2.5,-8.69,-3.09,57.13,11.1917857142857
2019,3,84.12,5.12,-7.01,-0.95,71.16,12.1261290322581
2019,4,152.62,14.27,2.82,8.54,100.17,11.4536666666667
2019,5,97.54,19.73,5.39,12.56,105,14.3358064516129
2019,6,157.31,26.33,12.54,19.43,99.45,13.7856666666667
2019,7,77.42,29.62,16.27,22.95,72.43,13.3516129032258
2019,8,93.28,27.27,13.42,20.34,53.02,13.8464516129032
2019,9,140.68,21.33,8.3,14.82,42.19,13.0273333333333
2019,10,52.7,18.39,4.11,11.25,46.31,14.2729032258065
2019,11,50.28,9.47,-0.88,4.3,46.29,10.349
2019,12,122.81,5.86,-4.83,0.52,38.99,10.6838709677419
2020,1,198.49,2.72,-8.67,-2.98,43.08,11.3935483870968
2020,2,84.98,4.47,-9.37,-2.45,61.93,13.8421428571429
2020,3,193.78,6.07,-5.02,0.53,70.88,11.0961290322581
2020,4,127.38,18.15,4.83,11.49,129.62,13.318
2020,5,111.01,20.9,7.07,13.99,132.8,13.8261290322581
2020,6,203.16,24.75,12.66,18.71,115.94,12.086
2020,7,196.13,27.48,14.65,21.07,100.17,12.8354838709677
2020,8,271.9,26.34,15.18,20.76,62.67,11.1603225806452
2020,9,135.98,23.08,9.33,16.2,47.1,13.7513333333333
2020,10,92.48,17.62,2.49,10.06,38.84,15.1296774193548
2020,11,130.4,10.63,-0.48,5.07,32.17,11.1103333333333
2020,12,129.43,2.82,-8.26,-2.72,32.69,11.0816129032258
2021,1,109.97,0.68,-10.35,-4.84,28.04,11.0322580645161
2021,2,71.66,5.2,-4.63,0.29,48.84,9.83214285714286
2021,3,150.65,7.09,-5.01,1.04,71.05,12.0938709677419
2021,4,77.96,14.76,2.06,8.41,108.43,12.6963333333333
2021,5,97.09,23.15,7.62,15.38,158.55,15.5270967741935
2021,6,56.42,26.67,12.05,19.36,159.64,14.6193333333333
2021,7,52.06,29.27,15.37,22.32,136.65,13.9
2021,8,43.24,27.95,14.13,21.04,103.9,13.8270967741935
2021,9,154,25.29,11.57,18.43,65.29,13.7226666666667
2021,10,32.33,19.12,5.28,12.2,41.68,13.8348387096774
2021,11,139.61,10.42,-0.38,5.02,26.87,10.7963333333333
2021,12,63.67,4.37,-3.39,0.49,21.49,7.75451612903226
2022,1,87.64,1.4,-11.48,-5.04,29.82,12.881935483871
2022,2,110.76,2.14,-11.27,-4.56,31.56,13.405
2022,3,140.4,6.38,-3.71,1.33,52.34,10.0912903225806
2022,4,241.57,12.53,1.69,7.11,88.95,10.844
2022,5,94.79,18.12,4.92,11.52,123.72,13.2058064516129
2022,6,53.95,25.22,11.47,18.34,162.53,13.7536666666667
2022,7,58.09,29.95,14.01,21.98,178.44,15.9367741935484
2022,8,37.64,30.76,16.37,23.57,143.33,14.3864516129032
2022,9,117.96,23.82,9.1,16.46,94.58,14.7236666666667
2022,10,69.76,18.9,4.32,11.61,54.63,14.5796774193548
2022,11,51.7,10.2,-1.64,4.28,28.37,11.8346666666667
2022,12,77.94,4.14,-6.87,-1.37,19.54,11.0061290322581
2023,1,102.18,2.03,-10.56,-4.26,20.27,12.5887096774194
2023,2,70.03,5.15,-8.47,-1.66,38.8,13.6285714285714
2023,3,107.84,6.97,-4.76,1.1,42.16,11.7316129032258
2023,4,26.65,18.73,3.83,11.28,96.64,14.8956666666667
2023,5,42.97,26.35,9.13,17.74,159.91,17.2148387096774
2023,6,111.35,25.54,11.58,18.56,157.71,13.9556666666667
2023,7,109.99,31.01,17.35,24.18,188.07,13.651935483871
2023,8,14.26,31.95,17.61,24.78,181.17,14.3432258064516
2023,9,285.29,24.78,12.55,18.67,116.48,12.2263333333333
2023,10,98.89,17.83,2.46,10.15,78.8,15.3632258064516
2023,11,93.13,10.25,-1.19,4.53,36.75,11.444
2023,12,128.68,6.04,-3.39,1.33,21.95,9.43838709677419
2024,1,185.27,4.02,-5.67,-0.83,18.94,9.69645161290322
2024,2,37.02,5.38,-6.84,-0.73,25.18,12.2189285714286
2024,3,91.25,10.51,-0.06,5.23,48.75,10.5677419354839
2024,4,194.56,15.21,3.75,9.48,60.13,11.4563333333333
2024,5,214.73,19.03,6.56,12.8,93.06,12.4767741935484
2024,6,139.64,26.91,13.02,19.97,152.67,13.895
2024,7,19.96,31,16.11,23.55,185.25,14.8870967741935
2024,8,127.22,29.22,15.88,22.55,178.72,13.3454838709677
2024,9,240.88,23.25,8.85,16.05,144.35,14.404
2024,10,104.26,19.48,5.14,12.31,104.14,14.3338709677419
2024,11,71.04,12.37,1.48,6.93,58.7,10.888
2024,12,209.52,4.86,-6.45,-0.79,27.82,11.3070967741935
2025,1,30.29,0.8,-9.91,-4.56,16.19,10.7083870967742
2025,2,51.34,2.88,-9.92,-3.52,18.3,12.7953571428571
2025,3,73.74,6.5,-6.61,-0.05,27.12,13.1154838709677
2025,4,290.65,11.6,0.77,6.19,51.41,10.8326666666667
2025,5,111.94,21.4,7.45,14.42,78.36,13.9467741935484
2025,6,115.1,25.98,11.97,18.98,118.55,14.0146666666667
2025,7,152.86,28.91,14.72,21.81,161.89,14.1996774193548
2025,8,251.52,27.02,14.4,20.71,158.86,12.6203225806452
2025,9,226.09,24.33,12.21,18.27,152.29,12.1246666666667
2025,10,91.19,21.3,6.01,13.65,138.22,15.2977419354839
2025,11,80.7,10.05,-2.1,3.97,69.35,12.1563333333333
2025,12,144.94,4.96,-3.47,0.74,38.75,8.4358064516129
2026,1,62.93,1.08,-10.88,-4.9,21.69,11.9551612903226
2026,2,144.08,4.72,-7.76,-1.52,21.48,12.4746428571429
2026,3,167.4,8.64,-2.79,2.93,25.11,11.4232258064516
2026,4,34.78,15.46,2.33,8.89,40.81,13.122
2026,5,72.94,24.23,9.97,17.1,85.82,14.258064516129
2026,6,112.12,27.85,12.92,20.39,96.06,14.9233333333333
2026,7,107.96,27.69,14.63,21.16,121.22,13.0564516129032
2026,8,233.63,29.54,15.29,22.42,164.65,14.25
2026,9,94.54,27.3,12.19,19.75,169.48,15.114
2026,10,162.37,17.48,5.75,11.62,122.17,11.7303225806452
2026,11,139.69,13.04,0.73,6.88,97.31,12.3096666666667
2026,12,98.56,5.03,-5.52,-0.25,52.08,10.5496774193548
2027,1,50.87,4.97,-6.61,-0.82,41.58,11.5829032258065
2027,2,58.51,3.46,-6.41,-1.48,24.94,9.86821428571428
2027,3,58.87,7.72,-3.78,1.97,25.04,11.4925806451613
2027,4,223.37,17.25,4.58,10.92,36.64,12.6723333333333
2027,5,322.9,19.52,8.22,13.87,44.92,11.301935483871
2027,6,177.73,26.69,14.39,20.54,87.57,12.3
2027,7,64.78,28.47,15.84,22.16,92.48,12.6322580645161
2027,8,167.1,27.63,16.19,21.91,115.63,11.4358064516129
2027,9,30.85,26.54,12.74,19.64,150.82,13.7956666666667
2027,10,220.16,17.89,4.11,11,124.13,13.7783870967742
2027,11,158.05,10.04,-0.75,4.65,89.39,10.786
2027,12,95.09,4.54,-4.88,-0.17,60.82,9.42516129032258
2028,1,102.2,-0.71,-11.43,-6.07,35.1,10.7274193548387
2028,2,28.66,1.64,-10.74,-4.55,33.53,12.3807142857143
2028,3,61.1,7.72,-4.9,1.41,33.19,12.6141935483871
2028,4,164.02,13.36,1.27,7.31,32.63,12.097
2028,5,74.65,26.08,10.77,18.42,50.8,15.3093548387097
2028,6,167.86,26.03,12.3,19.16,57.8,13.7326666666667
2028,7,118.09,29.09,15.6,22.35,96,13.4841935483871
2028,8,121.98,28.78,14.47,21.63,97.13,14.3132258064516
2028,9,123.06,25.54,10.31,17.93,120.09,15.2383333333333
2028,10,42.62,17.35,4.11,10.73,112.57,13.2393548387097
2028,11,206.53,9.35,-0.16,4.6,80.18,9.50766666666667
2028,12,109.81,5.95,-5.07,0.44,73.41,11.0216129032258
2029,1,75.83,1.39,-8.69,-3.65,50.49,10.0874193548387
2029,2,87.9,0.72,-11.61,-5.44,39.65,12.3328571428571
2029,3,158.12,10.07,-0.88,4.59,53.31,10.9477419354839
2029,4,58.6,15.76,1.76,8.76,48.34,14.0033333333333
2029,5,181.92,24.43,12.15,18.29,47.25,12.2796774193548
2029,6,26.12,27.55,14.1,20.83,50.78,13.4533333333333
2029,7,76.13,29.58,15.71,22.65,63.55,13.8641935483871
2029,8,61.93,29.57,14.81,22.19,100.06,14.7616129032258
2029,9,96.74,24.89,11.1,18,86.56,13.789
2029,10,35.77,22.01,8.72,15.37,104.11,13.2887096774194
2029,11,87.98,11.36,0.1,5.73,85.65,11.2656666666667
2029,12,124.39,5.41,-5.22,0.1,67.75,10.6274193548387
2030,1,71.33,1.22,-10.59,-4.68,54.66,11.8122580645161
2030,2,25.85,0.73,-10.87,-5.07,48.72,11.5989285714286
2030,3,209.35,8.53,-3.18,2.68,64.01,11.7087096774194
2030,4,192.77,16.84,3.83,10.33,73,13.0106666666667
2030,5,159.25,21.21,8.79,15,56.23,12.4177419354839
2030,6,104.16,27.38,14.43,20.91,52.03,12.9476666666667
2030,7,50.88,28.34,14.84,21.59,51.86,13.4951612903226
2030,8,210.59,27.88,15.39,21.64,58.81,12.488064516129
2030,9,182.58,22.65,9.77,16.21,79.46,12.8756666666667
2030,10,237.54,15.18,3.06,9.12,61.03,12.1216129032258
2030,11,156.06,10.61,-1,4.81,66.34,11.6163333333333
2030,12,165.56,5.5,-3.31,1.09,60.84,8.81677419354839
2031,1,57.31,4.86,-4.18,0.34,63.31,9.0341935483871
2031,2,101.57,4.32,-8.15,-1.91,68.03,12.4742857142857
2031,3,165.98,11.49,-0.71,5.39,91.03,12.2061290322581
2031,4,181.81,16.81,2.96,9.89,94.13,13.8506666666667
2031,5,120.43,24.38,10.42,17.4,94.61,13.9593548387097
2031,6,89.18,28.06,13.73,20.89,71.25,14.3296666666667
2031,7,50.51,29.72,14.82,22.27,57.79,14.9006451612903
2031,8,63.68,30.61,16.29,23.45,55.94,14.3145161290323
2031,9,120.36,26.27,12.16,19.22,58.67,14.1053333333333
2031,10,108.89,18.56,3.59,11.08,72.75,14.968064516129
2031,11,150.88,11.55,1.09,6.32,50.79,10.4573333333333
2031,12,92.14,2.69,-7.64,-2.48,42.41,10.3287096774194
2032,1,74.58,-1.3,-15.25,-8.27,38.57,13.9406451612903
2032,2,77.87,4.41,-8.34,-1.96,65.66,12.75
2032,3,78.23,6.42,-5.12,0.65,76,11.5387096774194
2032,4,155.26,12.88,1.6,7.24,94.5,11.282
2032,5,75.53,19.11,5.45,12.28,101.54,13.6558064516129
2032,6,37.98,26.35,12.72,19.54,99.14,13.6233333333333
2032,7,98.44,29.77,16.31,23.04,72.9,13.4645161290323
2032,8,126.78,28.04,14.86,21.45,53.24,13.1835483870968
2032,9,147.37,23.36,10.31,16.84,44.85,13.055
2032,10,185.35,17.09,4.71,10.9,42.61,12.3790322580645
2032,11,33.11,10.73,-0.1,5.32,49.52,10.821
2032,12,173.82,4.78,-5.85,-0.53,36.67,10.6332258064516
2033,1,161.5,1.71,-8.84,-3.56,39.81,10.55
2033,2,97.56,-0.37,-12.42,-6.39,42.93,12.045
2033,3,179.15,5.85,-5.52,0.16,70.36,11.3787096774194
2033,4,101.92,16.43,2.79,9.61,122.74,13.6393333333333
2033,5,98.47,22.16,7.49,14.82,140.37,14.6661290322581
2033,6,290.27,26.48,13.99,20.24,122.81,12.4913333333333
2033,7,210.92,28.79,16.52,22.66,101.95,12.2683870967742
2033,8,125.64,28.05,14.62,21.33,69.74,13.4222580645161
2033,9,165.5,23.61,10.09,16.85,47.6,13.521
2033,10,153.48,18.04,5.58,11.81,37.46,12.4632258064516
2033,11,32.83,7.75,-3.09,2.33,27.97,10.84
2033,12,93.52,1.88,-10.7,-4.41,30.92,12.5783870967742
2034,1,101.16,4.82,-5.48,-0.33,36.52,10.3045161290323
2034,2,32.98,4.37,-6.17,-0.9,47.24,10.5392857142857
2034,3,72.26,7.81,-2.36,2.72,70.96,10.1641935483871
2034,4,10.13,19.25,2.73,10.99,135.87,16.5233333333333
2034,5,190.69,20.19,7.91,14.05,135.31,12.2787096774194
2034,6,191.86,26.59,14.74,20.66,148.75,11.8476666666667
2034,7,111.89,28.68,15.28,21.98,133.06,13.4074193548387
2034,8,103.7,28.85,14.84,21.84,106.73,14.0041935483871
2034,9,115.5,24.26,9.6,16.93,64.7,14.669
2034,10,101.06,16.23,3.3,9.77,37.03,12.9309677419355
2034,11,164.59,9.67,0.62,5.15,24.75,9.05433333333333
2034,12,58.99,5.71,-4.7,0.51,24.93,10.4158064516129
2035,1,74.35,-1.05,-13.25,-7.15,24.22,12.1983870967742
2035,2,149.81,4.38,-6.35,-0.99,35.85,10.7235714285714
2035,3,77.9,8.83,-3.64,2.59,62.03,12.4758064516129
2035,4,283.46,16.51,3.98,10.24,107.66,12.5326666666667
2035,5,187.84,23.09,7.96,15.52,150.51,15.1322580645161
2035,6,52.69,28.49,15.1,21.79,175.64,13.3843333333333
2035,7,126.26,29.5,16.43,22.96,165.57,13.0712903225806
2035,8,28,27.8,13.32,20.56,133.35,14.4822580645161
2035,9,249.41,24.07,12.13,18.1,89.23,11.936
2035,10,140.99,20.44,7.61,14.02,55.44,12.8264516129032
2035,11,181,10.01,-0.93,4.54,27.6,10.9396666666667
2035,12,76.18,4.91,-3.79,0.56,19.42,8.70870967741936
2036,1,82.56,0.74,-11.46,-5.36,18.33,12.1967741935484
2036,2,14.65,2.4,-9.71,-3.65,32.07,12.1103571428571
2036,3,205.24,10.57,-2.86,3.85,51.67,13.4274193548387
2036,4,63.31,15.49,1.74,8.61,84.33,13.7466666666667
2036,5,103.68,22.1,7.43,14.76,135.23,14.6632258064516
2036,6,66.32,27.46,13.27,20.36,166.92,14.1896666666667
2036,7,118,29.11,15.77,22.44,178.25,13.3454838709677
2036,8,37.76,27.7,13.97,20.83,160.85,13.7309677419355
2036,9,40.44,27.14,11.96,19.55,132.93,15.18
2036,10,156.94,17.77,4.26,11.02,76.18,13.5058064516129
2036,11,51.58,12.24,1.41,6.83,39.42,10.8256666666667
2036,12,76.56,5.47,-4.14,0.67,21.38,9.61
2037,1,46.9,-2.65,-15.42,-9.03,11.23,12.7725806451613
2037,2,128.21,4.33,-5.93,-0.8,22.97,10.2528571428571
2037,3,132.7,9.24,-2.3,3.47,47.04,11.5312903225806
2037,4,280.97,12.99,2.02,7.5,54.57,10.97
2037,5,189.17,20.86,8,14.43,99.49,12.8516129032258
2037,6,60.76,27.88,14.11,20.99,156.1,13.7693333333333
2037,7,236.88,28.69,16.01,22.35,165.98,12.6761290322581
2037,8,116.88,28.68,15.6,22.14,175.13,13.0777419354839
2037,9,152.33,25.94,12.5,19.22,152.47,13.439
2037,10,360.08,18.79,5.12,11.95,100.49,13.6693548387097
2037,11,86.58,10.15,-1.54,4.3,54.36,11.687
2037,12,144.01,3.68,-6.25,-1.28,25.32,9.93258064516129
2038,1,36.6,0.95,-11.51,-5.28,16.51,12.4632258064516
2038,2,74.02,4.61,-7.56,-1.48,20.41,12.1735714285714
2038,3,95.82,9.82,-1.86,3.98,31.42,11.6838709677419
2038,4,66.77,15.62,1.01,8.32,64.99,14.602
2038,5,186.08,22.03,8.85,15.44,78.59,13.18
2038,6,135.84,27.42,14.02,20.72,121.45,13.4056666666667
2038,7,93.1,28.99,14.94,21.97,161.61,14.0435483870968
2038,8,56.89,29.23,15.54,22.38,172.61,13.6877419354839
2038,9,196.37,26.11,11.29,18.7,170.33,14.8113333333333
2038,10,56.45,17.87,3.98,10.93,120.27,13.8867741935484
2038,11,103.99,10.79,-0.2,5.29,69.93,10.9903333333333
2038,12,119.81,3.05,-7.9,-2.42,36.61,10.9529032258065
2039,1,56.94,3.05,-9.28,-3.12,25.09,12.3351612903226
2039,2,122.89,5.08,-6.32,-0.62,21.67,11.3996428571429
2039,3,85.48,7.6,-2.87,2.37,23.4,10.4777419354839
2039,4,172.33,16.85,3.47,10.16,43.16,13.3783333333333
2039,5,77.92,21.63,7.57,14.6,79.1,14.0529032258065
2039,6,120.37,28.51,14.84,21.68,95.06,13.6726666666667
2039,7,258.61,29.78,16.42,23.1,128.7,13.3558064516129
2039,8,160.57,29.04,16.15,22.6,157.24,12.8832258064516
2039,9,72.64,26.96,13.7,20.33,161.21,13.2616666666667
2039,10,108.56,17.27,3.26,10.26,127.35,14.008064516129
2039,11,29.94,13.1,-0.44,6.33,99.74,13.538
2039,12,46.61,6.36,-2.06,2.15,52.88,8.42161290322581
2040,1,14.93,-0.22,-12.25,-6.24,28.85,12.0290322580645
2040,2,64.76,4.56,-8.93,-2.18,27.9,13.4885714285714
2040,3,171.28,10.87,-0.8,5.04,29.14,11.6658064516129
2040,4,94.98,17.35,3.97,10.66,37.32,13.381
2040,5,125.64,20.56,6.77,13.66,49.3,13.7903225806452
2040,6,181.3,24.97,12.48,18.73,84.07,12.4933333333333
2040,7,143.95,27.99,16.16,22.08,89.31,11.8283870967742
2040,8,88.91,25.79,12.12,18.95,117.01,13.6716129032258
2040,9,168.32,24.29,10.51,17.4,141.69,13.779
2040,10,216.46,16.38,2.87,9.62,117.04,13.5112903225806
2040,11,172.14,10.86,2.06,6.46,87.25,8.8
2040,12,200.62,4.29,-6.33,-1.02,61.43,10.618064516129
2041,1,113.29,3.53,-7.87,-2.17,48.23,11.4090322580645
2041,2,30.05,2.46,-9.09,-3.32,35.4,11.5496428571429
2041,3,85.02,10.28,-1.08,4.6,36.71,11.3545161290323
2041,4,117.18,17.43,3.64,10.54,39.31,13.795
2041,5,169.08,18.67,5.95,12.31,38.48,12.7125806451613
2041,6,129.94,24.86,13.74,19.3,52.21,11.1193333333333
2041,7,89.35,29.89,16.06,22.97,98.76,13.8351612903226
2041,8,78.7,29.78,14.72,22.25,101.22,15.0638709677419
2041,9,412.68,24,12.24,18.12,106.07,11.7573333333333
2041,10,84.05,18.58,3.68,11.13,121.12,14.9058064516129
2041,11,46.08,11.82,0.47,6.14,93.67,11.3503333333333
2041,12,178.03,6.52,-3.58,1.47,74.25,10.1025806451613
2042,1,128.3,2.29,-9.83,-3.77,54.88,12.1170967741935
2042,2,89.09,5.75,-5.06,0.35,54.51,10.8121428571429
2042,3,117.47,8.97,-1.17,3.9,49.72,10.1409677419355
2042,4,37.63,16.13,3.15,9.64,48.1,12.9866666666667
2042,5,102.84,25.25,11,18.13,50.67,14.2564516129032
2042,6,197.88,23.22,10.84,17.03,43.93,12.3853333333333
2042,7,137.64,29.95,16.76,23.36,63.07,13.1877419354839
2042,8,169.88,26.76,13.28,20.02,90.42,13.4793548387097
2042,9,24.79,26.32,11.22,18.77,92.55,15.1013333333333
2042,10,229.02,18.39,5.25,11.82,92.46,13.1409677419355
2042,11,137.44,11.27,1.18,6.22,82.78,10.0956666666667
2042,12,84.65,3.95,-6.52,-1.29,62.04,10.4693548387097
2043,1,142.39,0.5,-12.38,-5.94,51.63,12.8870967741935
2043,2,58.5,2.54,-10.95,-4.2,56.1,13.485
2043,3,44.6,5.48,-6.23,-0.37,54.47,11.7061290322581
2043,4,73.36,14.73,1.93,8.33,67.26,12.8006666666667
2043,5,69.8,21.67,8.51,15.09,58.03,13.1541935483871
2043,6,214.79,26.67,13.67,20.17,51.15,13.0056666666667
2043,7,93.48,29.21,15.32,22.26,53.52,13.8909677419355
2043,8,66.67,29.52,16.08,22.8,62.79,13.4335483870968
2043,9,31.31,22.61,7.72,15.16,82.84,14.8913333333333
2043,10,92.93,17.91,5.37,11.64,67.88,12.5358064516129
2043,11,144.82,10.89,0.53,5.71,65.15,10.3546666666667
2043,12,62.93,3.74,-7.58,-1.92,57.94,11.3190322580645
2044,1,65.57,0.69,-10.74,-5.02,50.16,11.4364516129032
2044,2,142.19,1.5,-10.17,-4.34,55.76,11.6696428571429
2044,3,87.19,10.08,-2.78,3.65,86.42,12.8632258064516
2044,4,11.05,17.79,2.61,10.2,99.68,15.1866666666667
2044,5,149.18,20.25,6.89,13.57,82.48,13.3570967741935
2044,6,98.93,27.04,13.24,20.14,68.56,13.8013333333333
2044,7,189.13,28.67,14.5,21.58,55.37,14.1651612903226
2044,8,232.24,28.4,16.01,22.2,50.45,12.3825806451613
2044,9,27.25,26.03,11.6,18.81,58.69,14.432
2044,10,22.81,19.1,4.89,11.99,73.13,14.2067741935484
2044,11,110.51,12.72,1.98,7.35,53.68,10.7436666666667
2044,12,90.25,7.25,-3.88,1.69,55.99,11.1348387096774
2045,1,181.22,0.24,-9.21,-4.49,44.38,9.44838709677419
2045,2,35.95,4.22,-8.69,-2.23,64.95,12.9135714285714
2045,3,80.23,9.75,-2.34,3.71,90.64,12.0832258064516
2045,4,96.91,16.58,3.64,10.11,112.81,12.938
2045,5,75.26,22.76,8.57,15.67,115.14,14.1838709677419
2045,6,45.7,27.86,12.29,20.07,107.54,15.5776666666667
2045,7,64.87,30.35,15.31,22.83,76.64,15.0396774193548
2045,8,124.56,27.38,14.69,21.03,51.68,12.6932258064516
2045,9,67.74,24.01,9.3,16.65,47.36,14.71
2045,10,179.96,16.84,4.81,10.82,41.9,12.0309677419355
2045,11,86.81,9.9,-0.77,4.57,47.58,10.6716666666667
2045,12,80.12,3.93,-7.11,-1.59,35.07,11.0361290322581
2046,1,203.34,-0.05,-11.38,-5.72,35.03,11.3332258064516
2046,2,153.44,3.55,-6.85,-1.65,56.49,10.3982142857143
2046,3,181.27,10.34,-1.06,4.64,87.99,11.4032258064516
2046,4,104.17,20.14,5.36,12.75,142.42,14.7803333333333
2046,5,122.75,20.47,6.82,13.65,130.56,13.6551612903226
2046,6,94.12,27.33,14.76,21.05,125.84,12.575
2046,7,97.73,31.4,18.11,24.76,111.64,13.2964516129032
2046,8,136.07,31.16,17.76,24.46,75.26,13.4025806451613
2046,9,133.18,25.36,12.06,18.71,49.74,13.297
2046,10,115.36,18.09,5.2,11.65,37.9,12.8929032258065
2046,11,80.6,10.88,-0.56,5.16,32.78,11.4446666666667
2046,12,32.95,4.74,-4.7,0.02,35.65,9.4358064516129
2047,1,109.19,1.28,-9.14,-3.93,29.16,10.4212903225806
2047,2,87.13,2.84,-8.14,-2.65,43.23,10.9825
2047,3,102.29,9.46,-1.34,4.06,77.91,10.7996774193548
2047,4,219.66,14.6,1.72,8.16,108.17,12.8806666666667
2047,5,69.9,21.44,7.36,14.4,146.5,14.0777419354839
2047,6,224.04,23.39,10.79,17.09,139.17,12.6016666666667
2047,7,181.81,26.91,15.72,21.32,119.52,11.1867741935484
2047,8,153.17,27.33,14.62,20.97,99.42,12.7022580645161
2047,9,40.52,22.29,8.34,15.31,60.16,13.9503333333333
2047,10,91.3,17.48,4,10.74,39.14,13.4777419354839
2047,11,88.61,11.32,0.43,5.87,27.99,10.882
2047,12,164.57,3.96,-6.94,-1.49,22.73,10.9064516129032
2048,1,93.31,1.73,-10.29,-4.28,30.51,12.0138709677419
2048,2,149.62,4.27,-8.21,-1.97,36.43,12.4817857142857
2048,3,85.54,8.41,-4.06,2.17,60.74,12.4725806451613
2048,4,195.46,14.15,1.59,7.87,98.64,12.557
2048,5,101.33,21.92,7.19,14.56,144.2,14.7316129032258
2048,6,152.26,25.69,14.04,19.87,155.89,11.65
2048,7,104.41,27.54,15.75,21.65,152.2,11.7909677419355
2048,8,145.03,27.84,16.29,22.07,123.74,11.5451612903226
2048,9,77.83,24.39,10.78,17.58,93.91,13.6106666666667
2048,10,101.32,18.49,4.78,11.63,53,13.7022580645161
2048,11,313.92,10.26,0.77,5.52,26.84,9.49433333333333
2048,12,238.6,4.37,-6.47,-1.05,19.77,10.8451612903226
2049,1,89.53,0.9,-8.34,-3.72,18.06,9.24225806451613
2049,2,128.09,1.61,-10.41,-4.4,30.25,12.0175
2049,3,38.95,7.97,-2.82,2.58,43.57,10.7845161290323
2049,4,74.3,14.08,1.2,7.64,78.61,12.8746666666667
2049,5,128.14,20.22,6.89,13.56,124.14,13.3267741935484
2049,6,32.3,25.61,12.03,18.82,156.69,13.5823333333333
2049,7,75.78,29.01,15.59,22.3,178.16,13.4254838709677
2049,8,148.36,26.93,13.47,20.2,156.62,13.4593548387097
2049,9,80.16,25.74,12.22,18.98,123.52,13.5173333333333
2049,10,28.51,16.87,2.51,9.69,74.95,14.3638709677419
2049,11,180.22,10.97,-0.17,5.4,37.65,11.1326666666667
2049,12,27.05,3.54,-5.36,-0.91,18.82,8.90225806451613
2050,1,96.72,2.51,-8.9,-3.19,17.69,11.4141935483871
2050,2,116.12,2.9,-7.48,-2.29,21.09,10.3853571428571
2050,3,79.92,6.94,-3.78,1.58,41.32,10.7222580645161
2050,4,114.65,16.56,2.44,9.5,66.81,14.1206666666667
2050,5,153.04,20.16,7.71,13.93,96.41,12.4509677419355
2050,6,111.5,26.51,13.84,20.18,146.6,12.671
2050,7,131.95,27.63,14.68,21.15,162.78,12.9535483870968
2050,8,108.26,28.12,14.43,21.28,175.35,13.6964516129032
2050,9,47.68,23.86,9.44,16.65,146.97,14.419
2050,10,37.52,19.46,5.44,12.45,103.48,14.0241935483871
2050,11,281.99,9.37,-0.12,4.62,49.69,9.49166666666667
2050,12,186.23,3.75,-4.96,-0.6,24.69,8.71225806451613
2051,1,105.48,5.04,-7.33,-1.14,21.88,12.3667741935484
2051,2,34.37,1.39,-10.95,-4.78,16.4,12.3407142857143
2051,3,103.39,8.58,-2.16,3.21,29.06,10.7390322580645
2051,4,28,19.21,3.77,11.49,74.93,15.433
2051,5,98.56,21.72,6.24,13.98,81.43,15.4806451612903
2051,6,102.12,24.65,12.45,18.55,109.32,12.199
2051,7,155.78,29.86,17.37,23.61,158.69,12.4848387096774
2051,8,116.44,29.31,16.32,22.81,169.98,12.9935483870968
2051,9,34.38,23.65,10.71,17.18,152.58,12.9406666666667
2051,10,97.8,20.92,7.04,13.98,133.02,13.8761290322581
2051,11,129.82,9.89,0.06,4.97,65.23,9.83
2051,12,215.03,4.7,-5.34,-0.32,39.84,10.0383870967742
2052,1,33.78,2.35,-9.82,-3.74,23.86,12.1687096774194
2052,2,183.25,7.83,-6.24,0.79,26.05,14.0689285714286
2052,3,240.48,7.98,-3.43,2.27,24.31,11.4183870967742
2052,4,23.59,16.05,2.52,9.28,42.03,13.5216666666667
2052,5,80.52,24.81,10.26,17.54,87.78,14.5503225806452
2052,6,98.98,27.24,14.28,20.76,90.4,12.961
2052,7,64.24,29.34,14.93,22.13,130.51,14.4051612903226
2052,8,86.21,27.87,13.52,20.7,158.16,14.3525806451613
2052,9,129.07,23.77,10.12,16.94,149.04,13.6486666666667
2052,10,97.9,15.77,1.01,8.39,121.99,14.7606451612903
2052,11,69.37,10.27,-0.95,4.66,84.53,11.2193333333333
2052,12,73.91,1.75,-8.05,-3.15,41.89,9.79774193548387
2053,1,185.27,0.32,-9.66,-4.67,29.84,9.97387096774193
2053,2,217.8,3.75,-4.25,-0.25,24.16,8.00607142857143
2053,3,45.32,6.47,-5.26,0.6,23.55,11.7345161290323
2053,4,210.94,14.29,2.9,8.59,31.92,11.3896666666667
2053,5,122.64,21.63,7.45,14.54,51.39,14.1767741935484
2053,6,60.5,24.67,12.16,18.42,83.41,12.5066666666667
2053,7,100.85,28.32,15.27,21.8,93.17,13.0577419354839
2053,8,36.48,27.78,13.43,20.6,125.27,14.3493548387097
2053,9,88.4,23.82,9.94,16.88,140.13,13.8816666666667
2053,10,48.5,16.66,3.15,9.9,118.21,13.5035483870968
2053,11,164.09,10.74,1.3,6.02,88.72,9.43766666666667
2053,12,46.57,1.24,-10.96,-4.86,50.77,12.2009677419355
2054,1,44.14,0.41,-11.02,-5.3,38.59,11.4270967741935
2054,2,69.65,0.45,-11.18,-5.37,30.5,11.6246428571429
2054,3,24.38,9.61,-2.34,3.64,36.06,11.9564516129032
2054,4,123.05,15.29,2.43,8.86,35.71,12.8576666666667
2054,5,81.72,22.17,6.84,14.51,45.34,15.3332258064516
2054,6,109.16,27.57,12.8,20.19,61.6,14.7673333333333
2054,7,124.15,29.23,16.95,23.09,93.28,12.2706451612903
2054,8,63.84,29.16,14.25,21.71,99.35,14.9141935483871
2054,9,100.58,25.56,12.33,18.95,115.08,13.228
2054,10,67.8,18.59,6.2,12.39,115.27,12.3948387096774
2054,11,223.64,9.01,-0.96,4.02,80.01,9.96966666666667
2054,12,161.98,1.3,-7.79,-3.24,53.23,9.09645161290323
2055,1,228.08,1.83,-9.14,-3.65,52.66,10.9709677419355
2055,2,125.4,1.4,-12.01,-5.3,41.81,13.4153571428571
2055,3,123.23,9.75,-2.07,3.84,53.54,11.8258064516129
2055,4,239.12,13.76,1.97,7.87,42.87,11.792
2055,5,26.52,25,8.22,16.61,52.66,16.7806451612903
2055,6,175.42,26.17,13.64,19.91,47.84,12.532
2055,7,123.42,26.7,14.72,20.71,56.26,11.9845161290323
2055,8,195.56,27.69,15.43,21.56,89.73,12.2567741935484
2055,9,133.09,24.61,10.59,17.6,86.31,14.019
2055,10,124.33,16.21,2.2,9.2,87.04,14.0129032258065
2055,11,175.26,8.37,-1.59,3.39,72.52,9.95766666666667
2055,12,149,5.28,-4.99,0.15,66.8,10.2770967741935
2056,1,122.17,2.9,-8.27,-2.69,61.25,11.17
2056,2,84.44,4.8,-5.41,-0.31,62.78,10.2017857142857
2056,3,95.09,9.26,-0.89,4.19,63.98,10.1464516129032
2056,4,44.98,19.84,4.18,12.01,84.88,15.6643333333333
2056,5,220.7,21.53,9.34,15.44,56.44,12.1864516129032
2056,6,122.36,29.44,15.4,22.42,56.31,14.047
2056,7,71.1,29.9,16.79,23.35,53.4,13.1090322580645
2056,8,50.6,27.77,15.37,21.57,58.5,12.3996774193548
2056,9,134.47,24.1,9.44,16.77,86.21,14.6643333333333
2056,10,78.77,20.26,4.91,12.59,77.54,15.3564516129032
2056,11,41.96,10.12,-0.93,4.6,64.12,11.0516666666667
2056,12,220.42,5.97,-4.7,0.63,65.3,10.6716129032258
2057,1,136.26,4.94,-5.24,-0.15,65.39,10.1812903225806
2057,2,142.7,3.84,-5.39,-0.77,62.74,9.23464285714286
2057,3,160.2,10.21,-2.27,3.97,86.4,12.4806451612903
2057,4,128.95,17.22,4,10.61,94.36,13.2193333333333
2057,5,72.49,22.5,7.82,15.16,90.85,14.6835483870968
2057,6,150.05,27.42,16.32,21.87,64.28,11.096
2057,7,68.08,29.07,15.43,22.25,55.24,13.6345161290323
2057,8,170.17,27.81,14.62,21.22,50.8,13.1951612903226
2057,9,16.55,26.57,10.88,18.73,61.04,15.6843333333333
2057,10,94.06,19.23,4.6,11.91,74.02,14.6338709677419
2057,11,139.27,11.09,0.29,5.69,50.28,10.802
2057,12,99.37,6.24,-4.09,1.08,52.25,10.3329032258065
2058,1,26.5,3.01,-8.96,-2.98,55.62,11.9725806451613
2058,2,135.55,5.87,-5.39,0.24,70.29,11.2585714285714
2058,3,18.5,8.54,-3.69,2.43,85.77,12.2309677419355
2058,4,172.48,16.06,3.32,9.69,110.27,12.7433333333333
2058,5,191.4,22.27,12,17.13,102.25,10.2664516129032
2058,6,102.49,27.46,13.43,20.44,103.05,14.0276666666667
2058,7,53.7,32.67,18.8,25.73,78.85,13.8658064516129
2058,8,205.54,27.4,14.55,20.98,51.93,12.8516129032258
2058,9,56.64,24.79,10.44,17.62,48.09,14.351
2058,10,67.08,17.39,2.92,10.16,44.87,14.4658064516129
2058,11,180.44,10.65,1.33,5.99,47.28,9.31466666666667
2058,12,191.84,4.39,-4.82,-0.21,34.75,9.21032258064516
2059,1,59.4,0.36,-11.44,-5.54,36.26,11.7945161290323
2059,2,81.48,2.72,-7.97,-2.63,53.79,10.6903571428571
2059,3,119.42,9.72,-2.18,3.77,86.39,11.8974193548387
2059,4,39.55,18.62,2.81,10.71,137.45,15.8053333333333
2059,5,61.76,26.37,11.33,18.85,159.66,15.0367741935484
2059,6,122.17,24.73,11.64,18.19,118.94,13.0916666666667
2059,7,134.39,28.44,15.32,21.88,103.41,13.1248387096774
2059,8,51.18,29.53,14.89,22.21,74.48,14.6448387096774
2059,9,248.09,21.49,9.57,15.53,42.99,11.9186666666667
2059,10,32,18.11,3.76,10.93,39.01,14.3464516129032
2059,11,119.09,7.83,-2.67,2.58,27.87,10.501
2059,12,155.68,3.8,-5.51,-0.86,33.66,9.30322580645161
2060,1,90.92,1.64,-9.68,-4.02,30.19,11.3135483870968
2060,2,81.28,5.15,-6.16,-0.5,50.07,11.3014285714286
2060,3,23.81,9.17,-3.1,3.04,79.17,12.2774193548387
2060,4,56.28,14.38,0.58,7.48,109.04,13.802
2060,5,202.14,21.04,7.73,14.39,142.39,13.31
2060,6,156.3,26.16,12.5,19.33,154.15,13.654
2060,7,265.99,28.2,15.49,21.84,129.09,12.7058064516129
2060,8,169.09,27.6,15.74,21.67,97.8,11.8645161290323
2060,9,164.6,22.45,10.48,16.46,57.66,11.9696666666667
2060,10,312.8,17.68,5.64,11.66,38.19,12.0403225806452
2060,11,10.73,10.57,-1.02,4.77,27.54,11.5843333333333
2060,12,266.65,4.57,-4.04,0.27,22.36,8.60612903225806
2061,1,101.71,2.46,-9.51,-3.53,32.16,11.9664516129032
2061,2,37.7,1.81,-10.97,-4.58,30.76,12.7742857142857
2061,3,34.09,9.31,-4.78,2.26,64.87,14.0977419354839
2061,4,44.09,18.83,3.76,11.29,122.51,15.0756666666667
2061,5,111.42,21.4,7.47,14.44,139.69,13.9283870967742
2061,6,139.24,26.99,13.34,20.17,170.08,13.6506666666667
2061,7,239.32,29.41,15.64,22.53,168.1,13.7645161290323
2061,8,127.34,29.85,16.04,22.95,138.35,13.8138709677419
2061,9,28.3,27.98,14.32,21.15,103.54,13.6553333333333
2061,10,25.1,18.48,4.22,11.35,53.53,14.2548387096774
2061,11,47.2,9.49,-0.52,4.49,26.35,10.0143333333333
2061,12,62.51,2.37,-7.5,-2.57,17.15,9.86935483870968
2062,1,82.31,-0.14,-12.07,-6.1,17.05,11.9293548387097
2062,2,145.56,0.92,-11.07,-5.08,28.69,11.9867857142857
2062,3,82.57,8.05,-2.84,2.6,43.85,10.8912903225806
2062,4,84.2,13.67,0.93,7.3,77.15,12.7413333333333
2062,5,86.04,23.45,8.96,16.21,140.41,14.4951612903226
2062,6,99.16,26.73,13.11,19.92,161.62,13.6203333333333
2062,7,151.72,27.99,16.6,22.29,164.05,11.3883870967742
2062,8,34.99,28.6,14.51,21.55,166,14.0951612903226
2062,9,156.35,21.35,7.33,14.34,109.91,14.0133333333333
2062,10,123.61,17.56,4.1,10.83,75.58,13.4632258064516
2062,11,216.41,10.19,-0.72,4.74,36.2,10.9076666666667
2062,12,142.73,4.01,-6.45,-1.22,20.03,10.4577419354839
2063,1,35.38,-0.43,-13.14,-6.79,14.08,12.7148387096774
2063,2,119.99,3.93,-6.68,-1.37,22.59,10.6164285714286
2063,3,105.85,7.19,-5.31,0.94,43.15,12.5032258064516
2063,4,81.48,13.74,1.7,7.72,57.65,12.0373333333333
2063,5,184.61,20.65,8.8,14.72,96.38,11.8451612903226
2063,6,226.03,23.98,13.36,18.67,128.92,10.6233333333333
2063,7,146.53,28.31,16.18,22.25,161.9,12.1238709677419
2063,8,76.38,29.67,18.14,23.91,171.72,11.5290322580645
2063,9,246.61,21.8,7.91,14.85,136.76,13.896
2063,10,155.98,18.42,4.63,11.52,99.51,13.7977419354839
2063,11,59.83,13.12,2.92,8.02,59.34,10.2056666666667
2063,12,142.51,1.31,-8.81,-3.75,21.73,10.1132258064516
2064,1,148.36,3.65,-7.26,-1.81,19.73,10.9070967741935
2064,2,102.46,1.73,-7.98,-3.12,16.39,9.705
2064,3,122.54,6.24,-4.15,1.04,25.63,10.3893548387097
2064,4,198.04,14.52,2.63,8.57,59.22,11.891
2064,5,122.83,22.36,8.99,15.68,79.73,13.3758064516129
2064,6,140.98,26.21,12.35,19.28,118.87,13.858
2064,7,127.61,27.67,13.71,20.69,155.97,13.9606451612903
2064,8,122.8,28.31,15.33,21.82,165.77,12.9835483870968
2064,9,67.07,23.28,9.53,16.41,153.8,13.7493333333333
2064,10,41.02,18.75,4.7,11.73,124.37,14.0548387096774
2064,11,122.75,11,0.72,5.86,69.29,10.2756666666667
2064,12,82.72,2.13,-8.93,-3.4,34.46,11.0583870967742
2065,1,156.36,2.63,-6.78,-2.08,23.45,9.40354838709677
2065,2,86.72,4.61,-6.77,-1.08,21.07,11.3778571428571
2065,3,98.17,10.72,-2.6,4.06,28.6,13.3203225806452
2065,4,182.11,16.85,3.88,10.37,42.79,12.9613333333333
2065,5,295.94,24.19,10.76,17.47,84.19,13.4338709677419
2065,6,145.27,23.81,11.77,17.79,80.44,12.047
2065,7,134.22,27.99,15.43,21.71,120.62,12.5687096774194
2065,8,234.14,26.9,13.68,20.29,150.2,13.2222580645161
2065,9,244.02,22.54,10.99,16.76,136.39,11.55
2065,10,234.43,16.21,5.88,11.04,112.38,10.3245161290323
2065,11,75.79,11.53,0.42,5.98,89.03,11.1093333333333
2065,12,62.4,6.15,-5.12,0.52,56.18,11.2764516129032
2066,1,127.99,4.84,-5.42,-0.29,40.37,10.2674193548387
2066,2,25.87,5.8,-6.18,-0.19,29.65,11.9789285714286
2066,3,244.51,8.4,-1.81,3.29,25.17,10.2029032258065
2066,4,148.13,18.09,5.16,11.63,37.91,12.9236666666667
2066,5,220.8,18.45,6.56,12.51,44.09,11.8838709677419
2066,6,78.22,24.58,12.49,18.53,82.26,12.0886666666667
2066,7,115.94,29.04,15.5,22.27,96.01,13.5412903225806
2066,8,86.1,31.49,17.19,24.34,137.23,14.3022580645161
2066,9,87.88,26.22,11.39,18.81,152.89,14.8333333333333
2066,10,65.15,19.84,5.15,12.49,134.82,14.6932258064516
2066,11,151.39,12.08,1.82,6.95,96.1,10.2536666666667
2066,12,66.24,4.11,-5.74,-0.81,59.9,9.85032258064516
2067,1,142.98,0.34,-10.66,-5.16,38.28,10.9922580645161
2067,2,96.34,4.13,-7.23,-1.55,39.41,11.3610714285714
2067,3,229.51,8.54,-1.93,3.3,33.22,10.47
2067,4,43.86,15.63,1.61,8.62,36.95,14.0173333333333
2067,5,83.09,23.3,8.29,15.79,46.64,15.0029032258065
2067,6,58.72,28.35,14.15,21.25,62.11,14.206
2067,7,155.08,29.29,15.64,22.47,96.88,13.6516129032258
2067,8,82.69,29.09,15.87,22.48,95.38,13.221935483871
2067,9,294.95,24.76,14.37,19.56,103.69,10.3856666666667
2067,10,394.75,17.15,5.87,11.51,106.72,11.2741935483871
2067,11,91.42,12.03,-0.08,5.98,96.06,12.1073333333333
2067,12,72.64,2.87,-7.96,-2.54,60.88,10.8293548387097
2068,1,106.7,3.76,-6.24,-1.24,58.82,9.99806451612903
2068,2,30.2,3.24,-7.66,-2.21,47.02,10.9025
2068,3,98.21,11.11,-0.37,5.37,56.46,11.4745161290323
2068,4,93.68,16.8,4,10.4,49.08,12.8036666666667
2068,5,110.2,21.98,7.08,14.53,46.63,14.9051612903226
2068,6,284.87,26.47,14.5,20.48,47.48,11.9746666666667
2068,7,69.6,29.57,15.75,22.66,63.46,13.8158064516129
2068,8,123.6,29.36,15.41,22.39,97.73,13.9487096774194
2068,9,130.04,25.67,12.46,19.06,87.25,13.211
2068,10,157.2,18.29,4.34,11.31,93.62,13.9461290322581
2068,11,73.54,11.46,0.37,5.91,85.65,11.0933333333333
2068,12,70.13,3.76,-4.66,-0.45,58.48,8.42548387096774
2069,1,94.78,4.72,-6.19,-0.74,68.37,10.9174193548387
2069,2,112.9,5.59,-5.85,-0.13,67.18,11.4467857142857
2069,3,16.81,7.06,-4.05,1.5,58.77,11.1112903225806
2069,4,80.16,17.15,2.38,9.77,76.23,14.7746666666667
2069,5,76.21,24.16,9.18,16.67,64.91,14.9848387096774
2069,6,97.62,26.58,14.59,20.58,49.64,11.986
2069,7,148.49,27.44,15.65,21.54,48.42,11.7916129032258
2069,8,75.91,27.39,13.63,20.51,59.97,13.7603225806452
2069,9,310.7,23.18,11.22,17.2,78.81,11.958
2069,10,71.23,17.57,3.98,10.77,68.6,13.5932258064516
2069,11,116.1,13.03,1.32,7.18,73.59,11.7063333333333
2069,12,95.44,5.09,-4.69,0.2,61.04,9.77677419354839
2070,1,73.48,-0.31,-11.67,-5.99,46.23,11.3638709677419
2070,2,92.11,2.63,-9.97,-3.67,60.82,12.6021428571429
2070,3,189.22,8.54,-3.73,2.4,79.53,12.2732258064516
2070,4,184.88,15.76,2.75,9.25,89.13,13.0076666666667
2070,5,105.06,21.28,7.04,14.16,86.77,14.2390322580645
2070,6,388.4,24.37,13.43,18.9,59.03,10.9343333333333
2070,7,138.05,28.11,15.28,21.7,52.84,12.8245161290323
2070,8,80.92,27.59,14.87,21.23,49.91,12.7267741935484
2070,9,51.97,24.74,10.07,17.41,56.89,14.664
2070,10,119.52,15.16,3.87,9.51,59.76,11.2906451612903
2070,11,89.3,9.44,-1.35,4.05,46.74,10.7963333333333
2070,12,178.67,7.29,-3.83,1.73,56.08,11.1196774193548
2071,1,222.28,2.35,-7.38,-2.52,51.68,9.72290322580645
2071,2,148.31,4.61,-8.05,-1.72,66.44,12.6596428571429
2071,3,217.34,7.99,-2.93,2.53,81.49,10.9261290322581
2071,4,276.36,12.83,1.06,6.94,95.37,11.7673333333333
2071,5,126.62,22.68,9.5,16.09,112.41,13.1825806451613
2071,6,183.96,26.55,13.25,19.9,98.94,13.306
2071,7,170.02,30.52,17.43,23.98,73.53,13.0922580645161
2071,8,110.95,28.99,15.86,22.42,54.43,13.1232258064516
2071,9,169.48,23.22,8.22,15.72,46.53,15.003
2071,10,190.44,16.47,3.88,10.18,41.89,12.5909677419355
2071,11,188.56,12.16,2.32,7.24,51.15,9.83833333333333
2071,12,199.62,4.64,-5.4,-0.38,35.93,10.0377419354839
2072,1,70.21,2.24,-8.74,-3.25,41.53,10.9812903225806
2072,2,91.52,4.92,-7.22,-1.15,62.92,12.1421428571429
2072,3,58.79,9.91,-1.74,4.08,86.71,11.6496774193548
2072,4,148.85,17.31,3.09,10.2,128.03,14.2213333333333
2072,5,107.59,24.91,8.56,16.74,156.88,16.3448387096774
2072,6,91.31,27,12.72,19.86,130.01,14.2803333333333
2072,7,41.17,30.08,15.29,22.68,111.98,14.7841935483871
2072,8,195.23,28.02,15.19,21.6,68.65,12.8283870967742
2072,9,80.95,24.98,10.82,17.9,50.18,14.156
2072,10,72.77,16.85,1.77,9.31,37.73,15.08
2072,11,52.81,10.82,-1.4,4.71,33.2,12.22
2072,12,15.72,4.72,-6.65,-0.97,36.97,11.3751612903226
2073,1,149.83,0.95,-9.07,-4.06,28.31,10.0161290322581
2073,2,90.85,1.69,-10.91,-4.61,40.3,12.5925
2073,3,123.4,8.87,-0.69,4.09,73.42,9.5658064516129
2073,4,74.18,13.42,0.98,7.2,102.41,12.4456666666667
2073,5,77.33,20.71,6.52,13.61,143.46,14.1874193548387
2073,6,90.04,26.39,12.2,19.3,156.98,14.1856666666667
2073,7,66.58,29.58,15.46,22.52,138.43,14.1241935483871
2073,8,59.76,27.43,14.46,20.95,100.4,12.9729032258065
2073,9,57.47,23.65,8.45,16.05,64.19,15.1996666666667
2073,10,51.98,17.38,3.32,10.35,39.44,14.0596774193548
2073,11,89.12,10.21,-1.74,4.24,27.3,11.95
2073,12,51.68,2.78,-7.65,-2.43,20.94,10.4258064516129
2074,1,136.19,5.35,-6.18,-0.41,38.46,11.5370967741935
2074,2,110.57,8.99,-4.27,2.36,47.82,13.2664285714286
2074,3,92.78,9.6,-2.42,3.59,63.87,12.0248387096774
2074,4,62.71,16.3,2.15,9.23,110.26,14.1516666666667
2074,5,92.21,20.96,6.71,13.83,138.65,14.2516129032258
2074,6,71.71,29.95,15.41,22.68,187.17,14.541
2074,7,128.21,29.56,16.15,22.86,167.25,13.4058064516129
2074,8,313.13,28.84,14.92,21.88,135.2,13.9138709677419
2074,9,74.76,25.39,11.33,18.36,97.55,14.0623333333333
2074,10,43.92,16.18,2.88,9.53,48.48,13.3016129032258
2074,11,155.48,11.38,0.96,6.17,28.91,10.4223333333333
2074,12,199.49,2.14,-8.1,-2.98,17,10.2429032258065
2075,1,78.1,1.38,-9.58,-4.1,19.14,10.9632258064516
2075,2,84.84,7.25,-6.62,0.32,43.93,13.8664285714286
2075,3,204.9,9.47,-1.97,3.75,47.47,11.4445161290323
2075,4,80.94,14.76,2.64,8.7,79.44,12.119
2075,5,128.12,25.57,10.5,18.04,150.88,15.0712903225806
2075,6,76.37,26.78,13.73,20.25,159.61,13.049
2075,7,106.63,31.46,17.35,24.4,192.21,14.1087096774194
2075,8,84.07,31.09,16.9,24,176.91,14.1916129032258
2075,9,73.15,23.45,10.29,16.87,114.91,13.1613333333333
2075,10,156.73,15.88,2.9,9.39,70.46,12.9738709677419
2075,11,168.26,12.89,2.64,7.77,39.82,10.25
2075,12,139.73,3.95,-4.83,-0.44,19.22,8.78225806451613
2076,1,119.2,2.41,-7.21,-2.4,17.12,9.62258064516129
2076,2,12.9,2.55,-11.06,-4.25,21.09,13.6103571428571
2076,3,69.65,9.33,-3,3.17,47.93,12.3251612903226
2076,4,39.78,19.47,3.09,11.28,76.64,16.3763333333333
2076,5,136.06,21.14,7.21,14.18,102.76,13.9296774193548
2076,6,81.59,26.95,12.44,19.7,154.91,14.514
2076,7,124.13,30.24,16.98,23.61,175.15,13.2696774193548
2076,8,89.56,30.5,17.37,23.94,183.42,13.1370967741935
2076,9,331.88,23.66,10.62,17.14,141.73,13.0366666666667
2076,10,146.33,17.09,4.78,10.93,92.09,12.3067741935484
2076,11,275.54,12.04,1.61,6.82,57.2,10.4246666666667
2076,12,135.02,4.08,-5.79,-0.86,25.89,9.87064516129032
2077,1,120.35,2.24,-7.89,-2.83,17.8,10.1303225806452
2077,2,101.42,5.41,-6.12,-0.36,21.23,11.5332142857143
2077,3,89.32,8.78,-2.84,2.97,29.87,11.6132258064516
2077,4,46.92,15.98,2.76,9.37,64.34,13.2216666666667
2077,5,178.48,19.97,8.81,14.39,70.05,11.1661290322581
2077,6,163.22,26.89,15.41,21.15,113.63,11.479
2077,7,3.84,29.66,15.55,22.6,164.57,14.1090322580645
2077,8,53.94,27.55,13.32,20.43,167.47,14.2329032258065
2077,9,57.82,27.62,15.17,21.4,167.71,12.4536666666667
2077,10,66.16,18.22,3.13,10.68,124.3,15.0951612903226
2077,11,167.7,10.1,-2.1,4,69.54,12.1963333333333
2077,12,74.58,5.57,-4.53,0.52,41.89,10.1035483870968
2078,1,62.75,4.86,-5.53,-0.33,27.39,10.3893548387097
2078,2,101.87,5.07,-5.49,-0.21,21.35,10.5585714285714
2078,3,95.2,10.1,-0.28,4.91,26.22,10.3751612903226
2078,4,99.22,17.4,3.98,10.69,44.04,13.4213333333333
2078,5,164.03,18.03,6.05,12.04,67.26,11.9809677419355
2078,6,51.2,27.01,12.46,19.73,93.22,14.5476666666667
2078,7,77.57,29.36,16.59,22.98,125.46,12.7664516129032
2078,8,43.16,29.58,15.65,22.61,163.55,13.9274193548387
2078,9,128.42,25.15,11.08,18.12,156.4,14.0663333333333
2078,10,111.56,19.6,3.92,11.76,141.9,15.6761290322581
2078,11,13.42,13.52,-0.39,6.56,102.09,13.9076666666667
2078,12,196,6.68,-4.28,1.2,57.45,10.9606451612903
2079,1,99.02,0.34,-12.44,-6.05,30.21,12.7725806451613
2079,2,90.16,1.4,-11.44,-5.02,22.27,12.8353571428571
2079,3,85.27,6.25,-5.02,0.61,23.1,11.2725806451613
2079,4,126.83,14.85,2.73,8.79,33.18,12.1193333333333
2079,5,110.09,18.69,5.71,12.2,45.61,12.9793548387097
2079,6,60.38,26.84,11.41,19.13,94.46,15.4306666666667
2079,7,64.98,28.66,15.06,21.86,95.24,13.598064516129
2079,8,94.52,28.73,14.91,21.82,126.87,13.8287096774194
2079,9,94.39,23.16,9.08,16.12,138.03,14.0833333333333
2079,10,72.1,17.5,3.84,10.67,122.16,13.6570967741935
2079,11,71.8,12.01,-0.06,5.98,100.16,12.069
2079,12,83.98,6.34,-3.17,1.59,67.19,9.51612903225806
2080,1,125.15,0.13,-10.58,-5.22,37.61,10.7177419354839
2080,2,101.98,4.41,-6.33,-0.96,39.7,10.7371428571429
2080,3,53.88,8.91,-2.98,2.96,34.83,11.8893548387097
2080,4,107.12,14.73,1.88,8.31,34.97,12.8566666666667
2080,5,105.66,19.77,7.04,13.41,39.89,12.7222580645161
2080,6,117.3,23.58,10.77,17.18,52.83,12.8106666666667
2080,7,99.35,27.3,14.39,20.85,90.41,12.9067741935484
2080,8,153.76,27.45,14.06,20.75,91.87,13.39
2080,9,41.4,24.6,10.08,17.34,115.28,14.5136666666667
2080,10,98.38,18.05,4.92,11.48,115.07,13.1290322580645
2080,11,54.48,7.17,-3.14,2.02,73.9,10.3163333333333
2080,12,96.32,3.11,-8.39,-2.64,62.35,11.5006451612903
2081,1,85.52,2.55,-7.46,-2.46,54.54,10.0106451612903
2081,2,110.93,4.06,-7.87,-1.91,50.16,11.9325
2081,3,60.62,5.64,-6.31,-0.33,43.44,11.9525806451613
2081,4,289.36,13.57,2.5,8.03,41.8,11.065
2081,5,66.68,21.61,7.91,14.76,45.02,13.7006451612903
2081,6,144.54,25.41,13.5,19.46,46.09,11.9143333333333
2081,7,106.67,29.67,15.49,22.58,64.18,14.1848387096774
2081,8,284.44,27.11,17.1,22.1,82.21,10.0096774193548
2081,9,59.54,24.65,10.73,17.69,86.21,13.9183333333333
2081,10,109.4,16.44,3.82,10.13,85.43,12.6174193548387
2081,11,103.26,9.95,-1.29,4.33,80.44,11.2343333333333
2081,12,230.82,4.73,-5.25,-0.26,64.35,9.98096774193548
2082,1,92.26,2.12,-8.68,-3.28,57.85,10.7941935483871
2082,2,61.14,-0.76,-14.71,-7.74,42.23,13.9503571428571
2082,3,86.36,7.95,-3.34,2.31,61.72,11.29
2082,4,71.93,13.42,0.33,6.87,64.23,13.0913333333333
2082,5,69.48,20.92,7.25,14.08,57.35,13.6712903225806
2082,6,59.23,26.25,11.27,18.76,52.86,14.9793333333333
2082,7,68.18,29.19,15.83,22.51,52.8,13.3590322580645
2082,8,150.88,26.53,13.3,19.91,57.89,13.2325806451613
2082,9,108.66,21.93,9.1,15.51,77.72,12.8353333333333
2082,10,30.3,18.99,4,11.5,73.88,14.9945161290323
2082,11,87.94,9.46,-0.63,4.41,60.74,10.0846666666667
2082,12,45.84,3.74,-5.82,-1.04,56.19,9.55870967741935
2083,1,66.65,-3.43,-17.32,-10.38,32.13,13.8964516129032
2083,2,165.36,3.86,-6.9,-1.52,64.76,10.7632142857143
2083,3,93.67,8.03,-3.99,2.02,77.18,12.0158064516129
2083,4,134.59,15.64,2.21,8.93,89.45,13.4236666666667
2083,5,93.56,24.6,8.26,16.43,99.55,16.3412903225806
2083,6,70.93,27.12,12.77,19.94,69.57,14.359
2083,7,97.03,30.16,16.24,23.2,57.15,13.9225806451613
2083,8,118.93,29.18,15.85,22.52,52.74,13.3232258064516
2083,9,142.22,27.31,13.54,20.43,59.86,13.7716666666667
2083,10,31.79,22.97,8.35,15.66,83.32,14.6225806451613
2083,11,118.91,11.91,-0.18,5.86,53.57,12.089
2083,12,74.51,2.35,-8.06,-2.86,41.52,10.4106451612903
2084,1,92.74,1.91,-8.96,-3.53,51.02,10.8654838709677
2084,2,168.68,4.07,-7.03,-1.48,63.14,11.0989285714286
2084,3,87.47,8.23,-2.65,2.79,82.35,10.878064516129
2084,4,125.74,15.29,1.99,8.64,108.33,13.2966666666667
2084,5,106.02,21.72,8.15,14.94,110.16,13.5670967741935
2084,6,51.08,27.93,12.83,20.38,106.74,15.1013333333333
2084,7,132.71,28.23,16.33,22.28,67.25,11.8990322580645
2084,8,70.25,28.77,15.28,22.03,54.63,13.4845161290323
2084,9,129.97,23.02,10.15,16.59,44.22,12.8733333333333
2084,10,86.81,17.01,5.25,11.13,41.87,11.7648387096774
2084,11,48.38,8.2,-3.48,2.36,44.88,11.6826666666667
2084,12,33.19,2.47,-7.82,-2.67,31.61,10.2916129032258
2085,1,160.31,-0.96,-12.06,-6.51,32.39,11.0974193548387
2085,2,42.32,0.4,-11.76,-5.68,45.83,12.1578571428571
2085,3,66.04,10.34,-5.03,2.66,93.14,15.3774193548387
2085,4,71.05,15.19,1.46,8.33,117.4,13.7343333333333
2085,5,127.72,21.4,8.07,14.73,133.43,13.3248387096774
2085,6,201.32,26.72,14.25,20.49,123.52,12.473
2085,7,102.6,30.38,18.2,24.29,105.66,12.1754838709677
2085,8,87.79,27.08,13.8,20.44,67.8,13.2822580645161
2085,9,93.52,23.92,10.52,17.22,47.9,13.404
2085,10,108.23,19.55,6.21,12.88,40.16,13.3377419354839
2085,11,114.02,9,-0.13,4.43,28.35,9.13233333333333
2085,12,170.18,2.53,-8.18,-2.83,31.91,10.711935483871
2086,1,60.23,5.61,-5.31,0.15,38.62,10.9154838709677
2086,2,49.02,7.91,-4.63,1.64,59.28,12.5410714285714
2086,3,151.24,10.24,-0.87,4.69,81.29,11.1109677419355
2086,4,138.85,19.37,4.58,11.98,132.97,14.792
2086,5,179.62,22.32,9.71,16.01,145.57,12.6083870967742
2086,6,165.42,27.26,14.53,20.9,155.15,12.7336666666667
2086,7,157.86,29.65,17.47,23.56,131.85,12.1764516129032
2086,8,168.18,30.16,15.38,22.77,112.21,14.7783870967742
2086,9,59.52,26.06,11.4,18.73,68.05,14.6656666666667
2086,10,132.19,19.46,4.91,12.18,42.71,14.5412903225806
2086,11,159.7,11.23,0.55,5.89,27.75,10.6816666666667
2086,12,146.95,4.69,-5.99,-0.65,23.64,10.6741935483871
2087,1,73.52,0.93,-8.35,-3.71,27.94,9.27451612903226
2087,2,93.74,4.3,-9.62,-2.66,36.78,13.9217857142857
2087,3,52.75,9.11,-3.42,2.85,62.94,12.5325806451613
2087,4,69.86,16.66,3.14,9.9,110.42,13.5126666666667
2087,5,24.16,27.97,10.48,19.22,179.76,17.4874193548387
2087,6,185.59,25.55,12.01,18.78,163.17,13.5333333333333
2087,7,78.77,28.35,14.88,21.62,162.57,13.4745161290323
2087,8,130.58,29.79,16.5,23.15,136.36,13.2890322580645
2087,9,118.19,25.9,11.04,18.47,100.6,14.863
2087,10,138.24,16.61,4.49,10.55,48.02,12.1251612903226
2087,11,52.87,12.14,0.16,6.15,30.97,11.9833333333333
2087,12,53.89,3.73,-6.41,-1.34,18.79,10.1390322580645
2088,1,100.96,0.77,-10.13,-4.68,18.29,10.9029032258065
2088,2,39.95,-0.13,-11.08,-5.61,26.28,10.955
2088,3,72.02,7.89,-3.45,2.22,43.91,11.3403225806452
2088,4,98.98,13.97,1.97,7.97,76.89,12.006
2088,5,178.13,22.15,6.87,14.51,136.98,15.2822580645161
2088,6,94.87,28.91,14.59,21.75,173.76,14.3206666666667
2088,7,144.78,28.44,16.02,22.23,171,12.411935483871
2088,8,94.32,28.08,16.17,22.13,154.81,11.9087096774194
2088,9,97.97,24.39,10.63,17.51,119.64,13.759
2088,10,88.24,17.61,4.63,11.12,74.94,12.9748387096774
2088,11,0.34,8.9,-3.45,2.72,35.08,12.3436666666667
2088,12,55.2,4.34,-7.39,-1.52,20.83,11.7329032258065
2089,1,166.88,4.7,-6.05,-0.68,20.12,10.7454838709677
2089,2,66.92,4.22,-5.98,-0.88,22.81,10.2046428571429
2089,3,158.09,10.03,-0.15,4.94,47.26,10.1848387096774
2089,4,186.73,15.17,3.16,9.17,60.86,12.0106666666667
2089,5,114.72,20.39,6.77,13.58,99.74,13.6241935483871
2089,6,425.46,25.13,13.69,19.41,136.51,11.4443333333333
2089,7,58.01,31.18,18.34,24.76,177.11,12.8458064516129
2089,8,150.94,27.67,13.12,20.4,176.67,14.5490322580645
2089,9,95.03,23.24,9.52,16.38,142.23,13.7176666666667
2089,10,129.67,19.32,6.83,13.08,99.71,12.4967741935484
2089,11,78.05,12,2.5,7.25,55.55,9.503
2089,12,116.92,8.03,-2.49,2.77,32.45,10.5167741935484
2090,1,72.14,6.69,-3.99,1.35,23.38,10.6767741935484
2090,2,103.91,2.86,-8.33,-2.73,18.07,11.1982142857143
2090,3,143.42,8.21,-2.54,2.83,28.55,10.7522580645161
2090,4,70.51,15.4,1.61,8.51,63.6,13.784
2090,5,174.49,21.24,7.85,14.55,77.08,13.3874193548387
2090,6,87.78,25.8,15.11,20.45,107.69,10.6893333333333
2090,7,90.48,31,17.51,24.25,167.54,13.4961290322581
2090,8,330.72,28.48,16.54,22.51,161.76,11.9448387096774
2090,9,131.46,24.22,9.79,17,160.29,14.4266666666667
2090,10,81.84,19.62,3.07,11.34,133.2,16.5487096774194
2090,11,74.7,13.56,1.96,7.76,79.53,11.6
2090,12,221.99,11.67,0.5,6.09,57.44,11.1709677419355
2091,1,91.56,0.26,-11.47,-5.6,20.31,11.7248387096774
2091,2,122.27,1.26,-11.33,-5.03,16.92,12.5907142857143
2091,3,108.53,6.21,-4.96,0.63,22.07,11.1648387096774
2091,4,63.04,18.63,3.17,10.9,47.62,15.4643333333333
2091,5,70.15,23.22,8.22,15.72,84.56,15.0077419354839
2091,6,155.08,26.5,13.51,20,88.74,12.994
2091,7,193.68,29.99,16.45,23.22,129.98,13.5393548387097
2091,8,164.11,28.84,15.41,22.13,158.65,13.4251612903226
2091,9,638.9,22.87,10.32,16.6,141.45,12.545
2091,10,274.79,17.45,5.34,11.4,123.2,12.1106451612903
2091,11,186.44,8.11,-1.98,3.07,74.45,10.085
2091,12,111.71,1.58,-9.16,-3.79,41.96,10.7425806451613
2092,1,111.56,1.35,-10.27,-4.46,32.73,11.6283870967742
2092,2,134.1,5,-6.35,-0.67,28.07,11.3507142857143
2092,3,98.62,7.88,-3.49,2.2,25.19,11.368064516129
2092,4,71.26,15.4,1.81,8.6,34.88,13.5886666666667
2092,5,135.58,21.43,8.38,14.9,49.85,13.0458064516129
2092,6,24.66,26.2,11.96,19.08,90.65,14.246
2092,7,189.52,29.93,17.34,23.64,95.77,12.5967741935484
2092,8,112.33,28.68,16.29,22.49,122.11,12.39
2092,9,94.66,23.68,9.49,16.59,140.49,14.1923333333333
2092,10,29.5,17.62,2.53,10.07,125.73,15.0932258064516
2092,11,101.06,10.34,-1.21,4.57,92.17,11.5486666666667
2092,12,141.44,3.78,-6.9,-1.56,59.65,10.6877419354839
2093,1,125.7,1.64,-8.96,-3.66,42.05,10.5954838709677
2093,2,111.9,0.46,-11.42,-5.48,30.55,11.885
2093,3,241.48,9.28,-1.6,3.84,34.71,10.8764516129032
2093,4,60.95,12.64,1.17,6.9,31.25,11.4693333333333
2093,5,166.32,20.91,8.1,14.51,41.44,12.8077419354839
2093,6,181.81,26.58,13.71,20.15,57.43,12.8646666666667
2093,7,123.46,29.18,14.94,22.06,97.95,14.241935483871
2093,8,186.46,29.14,14.92,22.03,97.8,14.2206451612903
2093,9,271,24.81,12.98,18.9,108.69,11.8296666666667
2093,10,60.44,18.7,5.41,12.06,118.04,13.2912903225806
2093,11,94.81,10.02,0.07,5.04,83.65,9.94666666666667
2093,12,176.95,4.16,-5.61,-0.72,64.71,9.76645161290323
2094,1,82.15,-0.47,-10.95,-5.71,43.98,10.4783870967742
2094,2,124.56,0.15,-10.62,-5.23,37.68,10.7714285714286
2094,3,117.34,5.93,-4.3,0.82,42.84,10.23
2094,4,40.24,18.89,3.83,11.36,55.06,15.0673333333333
2094,5,81.54,20.32,6.94,13.63,42.95,13.3793548387097
2094,6,29.77,27.35,13.26,20.31,51.27,14.093
2094,7,191.92,27.3,15.75,21.53,56.39,11.5454838709677
2094,8,150.86,27.97,14.64,21.3,92.97,13.3309677419355
2094,9,145.62,24.3,11.65,17.97,82.85,12.6496666666667
2094,10,63.36,18.78,5,11.89,94.9,13.7787096774194
2094,11,104.09,8.28,-2.17,3.06,73.1,10.4443333333333
2094,12,51.3,3.78,-7.45,-1.84,62.11,11.2306451612903
2095,1,198.37,1.95,-8.43,-3.24,56.9,10.3870967741935
2095,2,59.75,5.35,-7.04,-0.85,67.05,12.3889285714286
2095,3,101.89,8.02,-2.91,2.56,61.47,10.9248387096774
2095,4,135.1,16.68,3.2,9.94,73.27,13.482
2095,5,133.26,20.92,7.46,14.19,57.09,13.4596774193548
2095,6,162.79,26.35,14.95,20.65,48.49,11.3966666666667
2095,7,179.51,28.63,17.03,22.83,49.58,11.591935483871
2095,8,41.28,28.5,14.83,21.66,61.57,13.6690322580645
2095,9,64.2,24.38,10.39,17.39,85.69,13.9863333333333
2095,10,73.24,17.38,4.11,10.74,67.74,13.2790322580645
2095,11,9.84,10.33,-1.83,4.25,66.21,12.157
2095,12,96.79,2.53,-8.01,-2.74,53.02,10.5361290322581
2096,1,190.25,0.82,-10.71,-4.95,50.68,11.5309677419355
2096,2,123.77,0.72,-12.02,-5.65,52.59,12.7371428571429
2096,3,96.35,7.13,-5.34,0.89,74.16,12.4683870967742
2096,4,31.63,15.16,1.35,8.26,88.43,13.803
2096,5,181.88,22.25,9.76,16.01,85.97,12.4954838709677
2096,6,110.94,25.53,14.28,19.9,61.51,11.2503333333333
2096,7,77.3,27.59,14.38,20.98,52.66,13.211935483871
2096,8,218.69,28.44,16.09,22.27,50.47,12.3516129032258
2096,9,79.43,25.41,11.52,18.47,57.04,13.8913333333333
2096,10,29.02,16,3.36,9.68,63.62,12.6367741935484
2096,11,113.34,12.22,2.19,7.2,51.57,10.0293333333333
2096,12,135.7,3.49,-7.54,-2.02,45.13,11.0358064516129
2097,1,249.42,2.99,-7.01,-2.01,54.16,9.99903225806452
2097,2,106.92,5.63,-6.28,-0.32,70.02,11.9067857142857
2097,3,196.37,6.94,-2.79,2.07,75.15,9.72774193548387
2097,4,28.46,16.58,0.78,8.68,118.25,15.7966666666667
2097,5,158.23,23.27,9.1,16.19,116.89,14.1758064516129
2097,6,85.51,29.17,15.68,22.43,106.29,13.4896666666667
2097,7,74.23,31.18,17.38,24.28,76.06,13.8067741935484
2097,8,374.92,28.82,16.57,22.7,52.94,12.2467741935484
2097,9,192.28,26.44,14.36,20.4,47.59,12.0803333333333
2097,10,443.93,17.14,4.68,10.91,42.77,12.461935483871
2097,11,179.6,11.3,0.92,6.11,50.16,10.376
2097,12,259.73,3.75,-6.53,-1.39,34.26,10.2829032258065
2098,1,44.35,1.61,-10.8,-4.6,40.07,12.4174193548387
2098,2,49.26,4.14,-8.6,-2.23,60.26,12.7410714285714
2098,3,63.07,9.36,-2.71,3.32,85.2,12.0706451612903
2098,4,61.57,17.75,3.7,10.72,129.62,14.047
2098,5,110.04,22.17,7.54,14.86,140.37,14.6348387096774
2098,6,110.94,25.86,11.06,18.46,127.4,14.7926666666667
2098,7,82.2,29,15.45,22.23,105.99,13.5474193548387
2098,8,77.84,29.26,15.48,22.37,72.54,13.7812903225806
2098,9,315.28,25.34,11.3,18.32,50.57,14.0456666666667
2098,10,61.25,20.38,5.88,13.13,42.22,14.5035483870968
2098,11,139.3,11.3,-0.08,5.61,33.32,11.3793333333333
2098,12,60.65,3.06,-6.65,-1.8,32.47,9.7041935483871
2099,1,122.23,1.22,-11.42,-5.1,29.4,12.6341935483871
2099,2,17.87,2.15,-10.26,-4.05,41.69,12.4082142857143
2099,3,211,8.67,-3.31,2.68,76.85,11.9770967741935
2099,4,99.08,16.74,4.09,10.41,116.5,12.6483333333333
2099,5,43.18,24.51,8.74,16.63,165.78,15.7703225806452
2099,6,107.86,24.83,11.19,18.01,148.61,13.6436666666667
2099,7,128.36,30.18,16.54,23.36,138.85,13.6348387096774
2099,8,62,30.37,17.04,23.71,108.99,13.3222580645161
2099,9,140.66,23.63,9.76,16.69,62.5,13.8746666666667
2099,10,111.62,18.98,5.06,12.02,41.56,13.9190322580645
2099,11,92.76,11.16,-1.15,5.01,28.68,12.308
2099,12,84.22,3.62,-6.43,-1.41,21.94,10.0567741935484
2100,1,69.46,0.7,-12.01,-5.65,28.2,12.708064516129
2100,2,127.86,4.79,-9.49,-2.35,38.02,14.2807142857143
2100,3,120.06,8.99,-3.71,2.64,62.72,12.6951612903226
2100,4,43.04,17.31,2.21,9.76,116.14,15.0963333333333
2100,5,94.34,22.97,9.31,16.14,145.64,13.6558064516129
2100,6,63.76,25.84,12.42,19.13,164.04,13.4226666666667
2100,7,162.1,30.43,17.74,24.08,167.61,12.6870967741935
2100,8,65.09,30.09,16.9,23.5,136.97,13.1825806451613
2100,9,232.04,22.92,8.93,15.93,90.72,13.982
2100,10,166.02,19.1,5.37,12.23,54.13,13.7264516129032
2100,11,150.31,11.7,0.72,6.21,29.71,10.9723333333333
2100,12,82.82,5.34,-4.59,0.38,20.53,9.93129032258065
2101,1,190.48,4,-6.42,-1.21,22.6,10.4209677419355
2101,2,3.26,0.87,-10.95,-5.04,28.58,11.82
2101,3,64.4,7.97,-3.16,2.41,43.89,11.1241935483871
2101,4,92.63,18.99,3.91,11.45,97.8,15.077
2101,5,111.4,22.08,8.86,15.47,131.19,13.2187096774194
2101,6,129.66,28.5,15.11,21.81,168.29,13.391
2101,7,137.71,29.52,17.22,23.37,175.09,12.3012903225806
2101,8,210.18,27.65,14.82,21.24,157.11,12.8296774193548
2101,9,85.12,26.32,11.61,18.96,128.81,14.71
2101,10,206.4,18.56,5.14,11.85,78.14,13.4209677419355
2101,11,15.46,11.51,-0.42,5.54,39.22,11.9326666666667
2101,12,107.92,6.48,-4.6,0.94,23.31,11.0829032258065
2102,1,73.52,2.12,-8.23,-3.05,17,10.3487096774194
2102,2,15.86,5.42,-7.27,-0.93,25.37,12.6907142857143
2102,3,132.79,7.8,-4.71,1.55,44.55,12.5045161290323
2102,4,57.14,19.09,3.82,11.45,74.43,15.2633333333333
2102,5,168.28,21.58,8.66,15.12,101.89,12.9216129032258
2102,6,87.19,26.64,12.02,19.33,153.95,14.6203333333333
2102,7,107.65,29.81,16.97,23.39,171.4,12.8458064516129
2102,8,138.97,29.56,15.45,22.51,183.62,14.1170967741935
2102,9,182.81,25.83,12.26,19.04,152.47,13.5663333333333
2102,10,50.54,17.22,4.55,10.88,93.28,12.6725806451613
2102,11,90.89,10.54,-0.82,4.86,54.95,11.3616666666667
2102,12,39.44,2.54,-7.59,-2.52,23.65,10.1303225806452
2103,1,213.07,2.94,-8.05,-2.55,18.88,10.9883870967742
2103,2,206.15,8.56,-3.43,2.56,25.28,11.9942857142857
2103,3,77.95,12.16,0.36,6.26,34.87,11.7974193548387
2103,4,110.74,14.18,1.98,8.08,58.85,12.194
2103,5,144.46,21.75,9.54,15.64,76.09,12.2074193548387
2103,6,28.84,28.59,13.09,20.84,131.03,15.506
2103,7,117.71,29.78,17.01,23.39,159.63,12.7709677419355
2103,8,44.51,29.46,15.41,22.43,175.09,14.0483870967742
2103,9,62.15,23.62,8.87,16.25,158.57,14.752
2103,10,206.23,18.8,6.19,12.5,120.9,12.6138709677419
2103,11,20.16,11.41,-1.34,5.03,74.51,12.7586666666667
2103,12,95.08,8.34,-1.81,3.27,48.29,10.151935483871
2104,1,86.66,3.72,-5.84,-1.06,25.17,9.55677419354839
2104,2,193.75,6.05,-5.93,0.06,23.09,11.9825
2104,3,144.67,7.19,-3.89,1.65,23.2,11.0741935483871
2104,4,68.05,17.22,2.61,9.92,44.69,14.6016666666667
2104,5,189.3,20.66,7.34,14,75.59,13.3235483870968
2104,6,60.71,27.39,12.71,20.05,94.42,14.676
2104,7,36.01,30.41,16.26,23.34,133.27,14.1554838709677
2104,8,69.17,29.34,15.5,22.42,162.31,13.8474193548387
2104,9,47.14,25.32,11.87,18.59,154.95,13.448
2104,10,71,19.41,6.19,12.8,134.9,13.2170967741935
2104,11,37,10.98,-0.43,5.27,87.55,11.4053333333333
2104,12,49.2,3.24,-7.58,-2.17,46.97,10.8241935483871
2105,1,65.54,0.93,-11.49,-5.28,31.74,12.4190322580645
2105,2,19.97,3.61,-10.12,-3.25,26.22,13.7264285714286
2105,3,77.57,9.9,-1.66,4.12,27.83,11.5548387096774
2105,4,97.96,15.89,2.53,9.21,35.38,13.3566666666667
2105,5,105.76,23.75,9.85,16.8,54.42,13.8925806451613
2105,6,114.2,26.33,13.16,19.74,88.74,13.175
2105,7,147.92,30.96,17.35,24.16,100.81,13.6138709677419
2105,8,98.66,30.9,16.29,23.59,136.24,14.6109677419355
2105,9,32.9,25.18,10.64,17.91,147.68,14.5416666666667
2105,10,29.99,16.61,2.27,9.44,119.79,14.3416129032258
2105,11,262.37,11.27,0.95,6.11,93.16,10.3253333333333
2105,12,138.73,5.7,-4.35,0.67,65.79,10.048064516129
2106,1,115.87,1.51,-8.16,-3.33,41.12,9.67129032258064
2106,2,74.52,3.45,-7.98,-2.27,37.79,11.4332142857143
2106,3,148.09,9.91,-2.71,3.6,36.97,12.6106451612903
2106,4,224.16,14.69,3.55,9.12,33.57,11.1423333333333
2106,5,272.03,20.78,8.18,14.48,41.08,12.6045161290323
2106,6,84.91,27.59,12.97,20.28,61.43,14.6143333333333
2106,7,134.09,27.21,14.31,20.76,90.18,12.9009677419355
2106,8,14.3,29.69,15.29,22.49,99.55,14.4006451612903
2106,9,331.18,23.41,13.86,18.64,96.96,9.54833333333333
2106,10,199.5,17.39,5.83,11.61,108.46,11.5609677419355
2106,11,117.47,11.44,0.03,5.73,92.31,11.411
2106,12,114.7,5.9,-4.9,0.5,72.9,10.7967741935484
2107,1,231.73,1.87,-10.55,-4.34,53.31,12.4241935483871
2107,2,138.5,1.4,-9.82,-4.21,41.58,11.2146428571429
2107,3,83.93,6.14,-5.64,0.25,44.58,11.7845161290323
2107,4,205.68,15.28,0.86,8.07,47.79,14.424
2107,5,108.06,20.52,6.33,13.43,43.94,14.1906451612903
2107,6,106.6,25.81,13.07,19.44,47.66,12.7486666666667
2107,7,97.93,28.93,15.66,22.3,61.63,13.2693548387097
2107,8,101.98,29.22,16.04,22.63,95.57,13.1758064516129
2107,9,99.78,25.21,11.54,18.37,87.09,13.6716666666667
2107,10,299.26,16.18,5.36,10.77,80.92,10.82
2107,11,199.02,12.1,1.8,6.95,86.12,10.2973333333333
2107,12,240.26,3.36,-7.36,-2,60.08,10.7209677419355
2108,1,33.47,0.4,-12.05,-5.83,51.22,12.4438709677419
2108,2,117.98,7.62,-5.34,1.14,76.62,12.9657142857143
2108,3,84.19,9.2,-3.57,2.82,67.28,12.7629032258065
2108,4,112.43,14.59,2.45,8.52,65.97,12.1376666666667
2108,5,87.16,21.13,7.92,14.53,57.16,13.2145161290323
2108,6,206.36,27.41,13.68,20.54,53.07,13.7266666666667
2108,7,146.86,30.17,17.21,23.69,53.53,12.9574193548387
2108,8,128.69,29.7,16.31,23.01,63.02,13.3912903225806
2108,9,45.25,24.12,10.42,17.27,84.54,13.7033333333333
2108,10,54.13,17.8,3.07,10.44,70.57,14.7303225806452
2108,11,152.28,11.37,0.35,5.86,67.62,11.0193333333333
2108,12,63.19,5.31,-4.85,0.23,62.33,10.1635483870968
2109,1,39.18,1.34,-10.75,-4.7,52.86,12.0864516129032
2109,2,105.41,3.63,-8.12,-2.25,64.66,11.7557142857143
2109,3,102.44,7.92,-3.09,2.42,75.34,11.0022580645161
2109,4,80.7,14.53,1.81,8.17,84.61,12.7176666666667
2109,5,52.14,22.37,7.33,14.85,91.09,15.0370967741936
2109,6,189.88,26.5,14.4,20.45,64.72,12.1023333333333
2109,7,173.11,29,15.22,22.11,55.36,13.7864516129032
2109,8,109.54,27.64,14.82,21.23,50.08,12.82
2109,9,175.26,26.95,14.24,20.6,57.77,12.711
2109,10,43.45,19.15,5.45,12.3,72.56,13.7038709677419
2109,11,82.57,12.02,0.33,6.17,53.39,11.6943333333333
2109,12,73.92,4.08,-6.73,-1.33,46.65,10.8145161290323
2110,1,99.89,3.09,-6.39,-1.65,53.9,9.47096774193548
2110,2,87.06,1.47,-9.3,-3.92,52.89,10.7660714285714
