,Season,StandardizedFlow,StandardizedTemperature,Lambda,meanFlow,sdFlow,meanTemp,sdTemp,Flow,Temp
1,Spring,-1.5,-1.5,0.635194545,0.151662946,0.10286474,10.55123757,1.099852249,-0.002634163,8.901459193
2,Summer,-1.5,-1.5,0.522585632,0.053004243,0.046295168,16.06230047,0.619953178,-0.016438509,15.1323707
3,Fall,-1.5,-1.5,2.15084847,0.136619791,0.09516721,8.372859053,0.962659625,-0.006131024,6.928869615
4,Winter,-1.5,-1.5,3.537557829,0.195957842,0.040579987,1.81288764,0.539154419,0.135087862,1.004156012
5,Spring,-1.25,-1.5,0.633029776,0.151662946,0.10286474,10.55123757,1.099852249,0.023082022,8.901459193
6,Summer,-1.25,-1.5,0.563790655,0.053004243,0.046295168,16.06230047,0.619953178,-0.004864717,15.1323707
7,Fall,-1.25,-1.5,2.169018273,0.136619791,0.09516721,8.372859053,0.962659625,0.017660779,6.928869615
8,Winter,-1.25,-1.5,3.182758438,0.195957842,0.040579987,1.81288764,0.539154419,0.145232859,1.004156012
9,Spring,-1,-1.5,0.645183919,0.151662946,0.10286474,10.55123757,1.099852249,0.048798207,8.901459193
10,Summer,-1,-1.5,0.627401224,0.053004243,0.046295168,16.06230047,0.619953178,0.006709075,15.1323707
11,Fall,-1,-1.5,2.184278711,0.136619791,0.09516721,8.372859053,0.962659625,0.041452581,6.928869615
12,Winter,-1,-1.5,2.707733484,0.195957842,0.040579987,1.81288764,0.539154419,0.155377856,1.004156012
13,Spring,-0.75,-1.5,0.679739063,0.151662946,0.10286474,10.55123757,1.099852249,0.074514391,8.901459193
14,Summer,-0.75,-1.5,0.719162812,0.053004243,0.046295168,16.06230047,0.619953178,0.018282867,15.1323707
15,Fall,-0.75,-1.5,2.180960717,0.136619791,0.09516721,8.372859053,0.962659625,0.065244384,6.928869615
16,Winter,-0.75,-1.5,2.123349429,0.195957842,0.040579987,1.81288764,0.539154419,0.165522852,1.004156012
17,Spring,-0.5,-1.5,0.733699047,0.151662946,0.10286474,10.55123757,1.099852249,0.100230576,8.901459193
18,Summer,-0.5,-1.5,0.843596795,0.053004243,0.046295168,16.06230047,0.619953178,0.029856659,15.1323707
19,Fall,-0.5,-1.5,2.155407499,0.136619791,0.09516721,8.372859053,0.962659625,0.089036186,6.928869615
20,Winter,-0.5,-1.5,1.480151796,0.195957842,0.040579987,1.81288764,0.539154419,0.175667849,1.004156012
21,Spring,-0.25,-1.5,0.795296491,0.151662946,0.10286474,10.55123757,1.099852249,0.125946761,8.901459193
22,Summer,-0.25,-1.5,1.005720735,0.053004243,0.046295168,16.06230047,0.619953178,0.041430451,15.1323707
23,Fall,-0.25,-1.5,2.108528343,0.136619791,0.09516721,8.372859053,0.962659625,0.112827989,6.928869615
24,Winter,-0.25,-1.5,0.933795918,0.195957842,0.040579987,1.81288764,0.539154419,0.185812846,1.004156012
25,Spring,0,-1.5,0.85242542,0.151662946,0.10286474,10.55123757,1.099852249,0.151662946,8.901459193
26,Summer,0,-1.5,1.215264917,0.053004243,0.046295168,16.06230047,0.619953178,0.053004243,15.1323707
27,Fall,0,-1.5,2.043318544,0.136619791,0.09516721,8.372859053,0.962659625,0.136619791,6.928869615
28,Winter,0,-1.5,0.847328404,0.195957842,0.040579987,1.81288764,0.539154419,0.195957842,1.004156012
29,Spring,0.25,-1.5,0.897685179,0.151662946,0.10286474,10.55123757,1.099852249,0.177379131,8.901459193
30,Summer,0.25,-1.5,1.496111755,0.053004243,0.046295168,16.06230047,0.619953178,0.064578036,15.1323707
31,Fall,0.25,-1.5,1.965725146,0.136619791,0.09516721,8.372859053,0.962659625,0.160411594,6.928869615
32,Winter,0.25,-1.5,0.832484192,0.195957842,0.040579987,1.81288764,0.539154419,0.206102839,1.004156012
33,Spring,0.5,-1.5,0.931566845,0.151662946,0.10286474,10.55123757,1.099852249,0.203095316,8.901459193
34,Summer,0.5,-1.5,1.868119498,0.053004243,0.046295168,16.06230047,0.619953178,0.076151828,15.1323707
35,Fall,0.5,-1.5,1.884648705,0.136619791,0.09516721,8.372859053,0.962659625,0.184203396,6.928869615
36,Winter,0.5,-1.5,0.810688819,0.195957842,0.040579987,1.81288764,0.539154419,0.216247835,1.004156012
37,Spring,0.75,-1.5,0.956868054,0.151662946,0.10286474,10.55123757,1.099852249,0.228811501,8.901459193
38,Summer,0.75,-1.5,2.323233498,0.053004243,0.046295168,16.06230047,0.619953178,0.08772562,15.1323707
39,Fall,0.75,-1.5,1.809761775,0.136619791,0.09516721,8.372859053,0.962659625,0.207995199,6.928869615
40,Winter,0.75,-1.5,0.781112791,0.195957842,0.040579987,1.81288764,0.539154419,0.226392832,1.004156012
41,Spring,1,-1.5,0.97393602,0.151662946,0.10286474,10.55123757,1.099852249,0.254527686,8.901459193
42,Summer,1,-1.5,2.815849516,0.053004243,0.046295168,16.06230047,0.619953178,0.099299412,15.1323707
43,Fall,1,-1.5,1.756482354,0.136619791,0.09516721,8.372859053,0.962659625,0.231787001,6.928869615
44,Winter,1,-1.5,0.746196238,0.195957842,0.040579987,1.81288764,0.539154419,0.236537829,1.004156012
45,Spring,1.25,-1.5,0.984328812,0.151662946,0.10286474,10.55123757,1.099852249,0.280243871,8.901459193
46,Summer,1.25,-1.5,3.269939246,0.053004243,0.046295168,16.06230047,0.619953178,0.110873204,15.1323707
47,Fall,1.25,-1.5,1.735169295,0.136619791,0.09516721,8.372859053,0.962659625,0.255578804,6.928869615
48,Winter,1.25,-1.5,0.707951501,0.195957842,0.040579987,1.81288764,0.539154419,0.246682825,1.004156012
49,Spring,1.5,-1.5,0.990230993,0.151662946,0.10286474,10.55123757,1.099852249,0.305960055,8.901459193
50,Summer,1.5,-1.5,3.6175597,0.053004243,0.046295168,16.06230047,0.619953178,0.122446996,15.1323707
51,Fall,1.5,-1.5,1.729562681,0.136619791,0.09516721,8.372859053,0.962659625,0.279370606,6.928869615
52,Winter,1.5,-1.5,0.667571245,0.195957842,0.040579987,1.81288764,0.539154419,0.256827822,1.004156012
53,Spring,-1.5,-1.25,0.635998837,0.151662946,0.10286474,10.55123757,1.099852249,-0.002634163,9.176422255
54,Summer,-1.5,-1.25,0.530060927,0.053004243,0.046295168,16.06230047,0.619953178,-0.016438509,15.287359
55,Fall,-1.5,-1.25,1.821359139,0.136619791,0.09516721,8.372859053,0.962659625,-0.006131024,7.169534522
56,Winter,-1.5,-1.25,2.988916601,0.195957842,0.040579987,1.81288764,0.539154419,0.135087862,1.138944616
57,Spring,-1.25,-1.25,0.636919767,0.151662946,0.10286474,10.55123757,1.099852249,0.023082022,9.176422255
58,Summer,-1.25,-1.25,0.571867918,0.053004243,0.046295168,16.06230047,0.619953178,-0.004864717,15.287359
59,Fall,-1.25,-1.25,1.849341502,0.136619791,0.09516721,8.372859053,0.962659625,0.017660779,7.169534522
60,Winter,-1.25,-1.25,2.638830024,0.195957842,0.040579987,1.81288764,0.539154419,0.145232859,1.138944616
61,Spring,-1,-1.25,0.651848249,0.151662946,0.10286474,10.55123757,1.099852249,0.048798207,9.176422255
62,Summer,-1,-1.25,0.633506675,0.053004243,0.046295168,16.06230047,0.619953178,0.006709075,15.287359
63,Fall,-1,-1.25,1.872450281,0.136619791,0.09516721,8.372859053,0.962659625,0.041452581,7.169534522
64,Winter,-1,-1.25,2.248148766,0.195957842,0.040579987,1.81288764,0.539154419,0.155377856,1.138944616
65,Spring,-0.75,-1.25,0.683713239,0.151662946,0.10286474,10.55123757,1.099852249,0.074514391,9.176422255
66,Summer,-0.75,-1.25,0.719439326,0.053004243,0.046295168,16.06230047,0.619953178,0.018282867,15.287359
67,Fall,-0.75,-1.25,1.880179495,0.136619791,0.09516721,8.372859053,0.962659625,0.065244384,7.169534522
68,Winter,-0.75,-1.25,1.81740596,0.195957842,0.040579987,1.81288764,0.539154419,0.165522852,1.138944616
69,Spring,-0.5,-1.25,0.729565529,0.151662946,0.10286474,10.55123757,1.099852249,0.100230576,9.176422255
70,Summer,-0.5,-1.25,0.8333575,0.053004243,0.046295168,16.06230047,0.619953178,0.029856659,15.287359
71,Fall,-0.5,-1.25,1.869374955,0.136619791,0.09516721,8.372859053,0.962659625,0.089036186,7.169534522
72,Winter,-0.5,-1.25,1.353197049,0.195957842,0.040579987,1.81288764,0.539154419,0.175667849,1.138944616
73,Spring,-0.25,-1.25,0.782757071,0.151662946,0.10286474,10.55123757,1.099852249,0.125946761,9.176422255
74,Summer,-0.25,-1.25,0.980584068,0.053004243,0.046295168,16.06230047,0.619953178,0.041430451,15.287359
75,Fall,-0.25,-1.25,1.83997507,0.136619791,0.09516721,8.372859053,0.962659625,0.112827989,7.169534522
76,Winter,-0.25,-1.25,0.931450342,0.195957842,0.040579987,1.81288764,0.539154419,0.185812846,1.138944616
77,Spring,0,-1.25,0.834549509,0.151662946,0.10286474,10.55123757,1.099852249,0.151662946,9.176422255
78,Summer,0,-1.25,1.17099392,0.053004243,0.046295168,16.06230047,0.619953178,0.053004243,15.287359
79,Fall,0,-1.25,1.793292041,0.136619791,0.09516721,8.372859053,0.962659625,0.136619791,7.169534522
80,Winter,0,-1.25,0.824183544,0.195957842,0.040579987,1.81288764,0.539154419,0.195957842,1.138944616
81,Spring,0.25,-1.25,0.879342827,0.151662946,0.10286474,10.55123757,1.099852249,0.177379131,9.176422255
82,Summer,0.25,-1.25,1.422368439,0.053004243,0.046295168,16.06230047,0.619953178,0.064578036,15.287359
83,Fall,0.25,-1.25,1.732234288,0.136619791,0.09516721,8.372859053,0.962659625,0.160411594,7.169534522
84,Winter,0.25,-1.25,0.802261925,0.195957842,0.040579987,1.81288764,0.539154419,0.206102839,1.138944616
85,Spring,0.5,-1.25,0.914812882,0.151662946,0.10286474,10.55123757,1.099852249,0.203095316,9.176422255
86,Summer,0.5,-1.25,1.749286468,0.053004243,0.046295168,16.06230047,0.619953178,0.076151828,15.287359
87,Fall,0.5,-1.25,1.661421279,0.136619791,0.09516721,8.372859053,0.962659625,0.184203396,7.169534522
88,Winter,0.5,-1.25,0.779573172,0.195957842,0.040579987,1.81288764,0.539154419,0.216247835,1.138944616
89,Spring,0.75,-1.25,0.943008067,0.151662946,0.10286474,10.55123757,1.099852249,0.228811501,9.176422255
90,Summer,0.75,-1.25,2.1496115,0.053004243,0.046295168,16.06230047,0.619953178,0.08772562,15.287359
91,Fall,0.75,-1.25,1.586762136,0.136619791,0.09516721,8.372859053,0.962659625,0.207995199,7.169534522
92,Winter,0.75,-1.25,0.752972376,0.195957842,0.040579987,1.81288764,0.539154419,0.226392832,1.138944616
93,Spring,1,-1.25,0.965244514,0.151662946,0.10286474,10.55123757,1.099852249,0.254527686,9.176422255
94,Summer,1,-1.25,2.596055225,0.053004243,0.046295168,16.06230047,0.619953178,0.099299412,15.287359
95,Fall,1,-1.25,1.522320928,0.136619791,0.09516721,8.372859053,0.962659625,0.231787001,7.169534522
96,Winter,1,-1.25,0.723112504,0.195957842,0.040579987,1.81288764,0.539154419,0.236537829,1.138944616
97,Spring,1.25,-1.25,0.982310545,0.151662946,0.10286474,10.55123757,1.099852249,0.280243871,9.176422255
98,Summer,1.25,-1.25,3.034965717,0.053004243,0.046295168,16.06230047,0.619953178,0.110873204,15.287359
99,Fall,1.25,-1.25,1.486291094,0.136619791,0.09516721,8.372859053,0.962659625,0.255578804,7.169534522
100,Winter,1.25,-1.25,0.690984208,0.195957842,0.040579987,1.81288764,0.539154419,0.246682825,1.138944616
101,Spring,1.5,-1.25,0.996051548,0.151662946,0.10286474,10.55123757,1.099852249,0.305960055,9.176422255
102,Summer,1.5,-1.25,3.405603233,0.053004243,0.046295168,16.06230047,0.619953178,0.122446996,15.287359
103,Fall,1.5,-1.25,1.480245925,0.136619791,0.09516721,8.372859053,0.962659625,0.279370606,7.169534522
104,Winter,1.5,-1.25,0.657399411,0.195957842,0.040579987,1.81288764,0.539154419,0.256827822,1.138944616
105,Spring,-1.5,-1,0.640374428,0.151662946,0.10286474,10.55123757,1.099852249,-0.002634163,9.451385317
106,Summer,-1.5,-1,0.538320499,0.053004243,0.046295168,16.06230047,0.619953178,-0.016438509,15.44234729
107,Fall,-1.5,-1,1.530526551,0.136619791,0.09516721,8.372859053,0.962659625,-0.006131024,7.410199428
108,Winter,-1.5,-1,2.298618729,0.195957842,0.040579987,1.81288764,0.539154419,0.135087862,1.273733221
109,Spring,-1.25,-1,0.64481044,0.151662946,0.10286474,10.55123757,1.099852249,0.023082022,9.451385317
110,Summer,-1.25,-1,0.580565623,0.053004243,0.046295168,16.06230047,0.619953178,-0.004864717,15.44234729
111,Fall,-1.25,-1,1.564424715,0.136619791,0.09516721,8.372859053,0.962659625,0.017660779,7.410199428
112,Winter,-1.25,-1,2.057681616,0.195957842,0.040579987,1.81288764,0.539154419,0.145232859,1.273733221
113,Spring,-1,-1,0.66140818,0.151662946,0.10286474,10.55123757,1.099852249,0.048798207,9.451385317
114,Summer,-1,-1,0.640140269,0.053004243,0.046295168,16.06230047,0.619953178,0.006709075,15.44234729
115,Fall,-1,-1,1.592847442,0.136619791,0.09516721,8.372859053,0.962659625,0.041452581,7.410199428
116,Winter,-1,-1,1.805234753,0.195957842,0.040579987,1.81288764,0.539154419,0.155377856,1.273733221
117,Spring,-0.75,-1,0.689766448,0.151662946,0.10286474,10.55123757,1.099852249,0.074514391,9.451385317
118,Summer,-0.75,-1,0.720499827,0.053004243,0.046295168,16.06230047,0.619953178,0.018282867,15.44234729
119,Fall,-0.75,-1,1.60878899,0.136619791,0.09516721,8.372859053,0.962659625,0.065244384,7.410199428
120,Winter,-0.75,-1,1.531569584,0.195957842,0.040579987,1.81288764,0.539154419,0.165522852,1.273733221
121,Spring,-0.5,-1,0.727117854,0.151662946,0.10286474,10.55123757,1.099852249,0.100230576,9.451385317
122,Summer,-0.5,-1,0.824891857,0.053004243,0.046295168,16.06230047,0.619953178,0.029856659,15.44234729
123,Fall,-0.5,-1,1.609590641,0.136619791,0.09516721,8.372859053,0.962659625,0.089036186,7.410199428
124,Winter,-0.5,-1,1.229196155,0.195957842,0.040579987,1.81288764,0.539154419,0.175667849,1.273733221
125,Spring,-0.25,-1,0.769845012,0.151662946,0.10286474,10.55123757,1.099852249,0.125946761,9.451385317
126,Summer,-0.25,-1,0.958279614,0.053004243,0.046295168,16.06230047,0.619953178,0.041430451,15.44234729
127,Fall,-0.25,-1,1.594598996,0.136619791,0.09516721,8.372859053,0.962659625,0.112827989,7.410199428
128,Winter,-0.25,-1,0.928139463,0.195957842,0.040579987,1.81288764,0.539154419,0.185812846,1.273733221
129,Spring,0,-1,0.813733888,0.151662946,0.10286474,10.55123757,1.099852249,0.151662946,9.451385317
130,Summer,0,-1,1.129107612,0.053004243,0.046295168,16.06230047,0.619953178,0.053004243,15.44234729
131,Fall,0,-1,1.563995107,0.136619791,0.09516721,8.372859053,0.962659625,0.136619791,7.410199428
132,Winter,0,-1,0.801389477,0.195957842,0.040579987,1.81288764,0.539154419,0.195957842,1.273733221
133,Spring,0.25,-1,0.857809461,0.151662946,0.10286474,10.55123757,1.099852249,0.177379131,9.451385317
134,Summer,0.25,-1,1.350369143,0.053004243,0.046295168,16.06230047,0.619953178,0.064578036,15.44234729
135,Fall,0.25,-1,1.518852899,0.136619791,0.09516721,8.372859053,0.962659625,0.160411594,7.410199428
136,Winter,0.25,-1,0.771345609,0.195957842,0.040579987,1.81288764,0.539154419,0.206102839,1.273733221
137,Spring,0.5,-1,0.902635691,0.151662946,0.10286474,10.55123757,1.099852249,0.203095316,9.451385317
138,Summer,0.5,-1,1.633329766,0.053004243,0.046295168,16.06230047,0.619953178,0.076151828,15.44234729
139,Fall,0.5,-1,1.461858933,0.136619791,0.09516721,8.372859053,0.962659625,0.184203396,7.410199428
140,Winter,0.5,-1,0.747360367,0.195957842,0.040579987,1.81288764,0.539154419,0.216247835,1.273733221
141,Spring,0.75,-1,0.953386963,0.151662946,0.10286474,10.55123757,1.099852249,0.228811501,9.451385317
142,Summer,0.75,-1,1.979505512,0.053004243,0.046295168,16.06230047,0.619953178,0.08772562,15.44234729
143,Fall,0.75,-1,1.398378227,0.136619791,0.09516721,8.372859053,0.962659625,0.207995199,7.410199428
144,Winter,0.75,-1,0.722864879,0.195957842,0.040579987,1.81288764,0.539154419,0.226392832,1.273733221
145,Spring,1,-1,1.018484032,0.151662946,0.10286474,10.55123757,1.099852249,0.254527686,9.451385317
146,Summer,1,-1,2.374426057,0.053004243,0.046295168,16.06230047,0.619953178,0.099299412,15.44234729
147,Fall,1,-1,1.339990633,0.136619791,0.09516721,8.372859053,0.962659625,0.231787001,7.410199428
148,Winter,1,-1,0.697268337,0.195957842,0.040579987,1.81288764,0.539154419,0.236537829,1.273733221
149,Spring,1.25,-1,1.100243721,0.151662946,0.10286474,10.55123757,1.099852249,0.280243871,9.451385317
150,Summer,1.25,-1,2.783811097,0.053004243,0.046295168,16.06230047,0.619953178,0.110873204,15.44234729
151,Fall,1.25,-1,1.299331776,0.136619791,0.09516721,8.372859053,0.962659625,0.255578804,7.410199428
152,Winter,1.25,-1,0.67079423,0.195957842,0.040579987,1.81288764,0.539154419,0.246682825,1.273733221
153,Spring,1.5,-1,1.195298144,0.151662946,0.10286474,10.55123757,1.099852249,0.305960055,9.451385317
154,Summer,1.5,-1,3.160502906,0.053004243,0.046295168,16.06230047,0.619953178,0.122446996,15.44234729
155,Fall,1.5,-1,1.282880648,0.136619791,0.09516721,8.372859053,0.962659625,0.279370606,7.410199428
156,Winter,1.5,-1,0.643798683,0.195957842,0.040579987,1.81288764,0.539154419,0.256827822,1.273733221
157,Spring,-1.5,-0.75,0.655645923,0.151662946,0.10286474,10.55123757,1.099852249,-0.002634163,9.72634838
158,Summer,-1.5,-0.75,0.545921844,0.053004243,0.046295168,16.06230047,0.619953178,-0.016438509,15.59733559
159,Fall,-1.5,-0.75,1.285757777,0.136619791,0.09516721,8.372859053,0.962659625,-0.006131024,7.650864334
160,Winter,-1.5,-0.75,1.668460581,0.195957842,0.040579987,1.81288764,0.539154419,0.135087862,1.408521826
161,Spring,-1.25,-0.75,0.67081315,0.151662946,0.10286474,10.55123757,1.099852249,0.023082022,9.72634838
162,Summer,-1.25,-0.75,0.588209094,0.053004243,0.046295168,16.06230047,0.619953178,-0.004864717,15.59733559
163,Fall,-1.25,-0.75,1.321775811,0.136619791,0.09516721,8.372859053,0.962659625,0.017660779,7.650864334
164,Winter,-1.25,-0.75,1.562336393,0.195957842,0.040579987,1.81288764,0.539154419,0.145232859,1.408521826
165,Spring,-1,-0.75,0.690305945,0.151662946,0.10286474,10.55123757,1.099852249,0.048798207,9.72634838
166,Summer,-1,-0.75,0.645454347,0.053004243,0.046295168,16.06230047,0.619953178,0.006709075,15.59733559
167,Fall,-1,-0.75,1.352622071,0.136619791,0.09516721,8.372859053,0.962659625,0.041452581,7.650864334
168,Winter,-1,-0.75,1.443410337,0.195957842,0.040579987,1.81288764,0.539154419,0.155377856,1.408521826
169,Spring,-0.75,-0.75,0.705927845,0.151662946,0.10286474,10.55123757,1.099852249,0.074514391,9.72634838
170,Summer,-0.75,-0.75,0.720245151,0.053004243,0.046295168,16.06230047,0.619953178,0.018282867,15.59733559
171,Fall,-0.75,-0.75,1.373578926,0.136619791,0.09516721,8.372859053,0.962659625,0.065244384,7.650864334
172,Winter,-0.75,-0.75,1.300964892,0.195957842,0.040579987,1.81288764,0.539154419,0.165522852,1.408521826
173,Spring,-0.5,-0.75,0.724140084,0.151662946,0.10286474,10.55123757,1.099852249,0.100230576,9.72634838
174,Summer,-0.5,-0.75,0.815347994,0.053004243,0.046295168,16.06230047,0.619953178,0.029856659,15.59733559
175,Fall,-0.5,-0.75,1.382425567,0.136619791,0.09516721,8.372859053,0.962659625,0.089036186,7.650864334
176,Winter,-0.5,-0.75,1.125196908,0.195957842,0.040579987,1.81288764,0.539154419,0.175667849,1.408521826
177,Spring,-0.25,-0.75,0.755001705,0.151662946,0.10286474,10.55123757,1.099852249,0.125946761,9.72634838
178,Summer,-0.25,-0.75,0.934930049,0.053004243,0.046295168,16.06230047,0.619953178,0.041430451,15.59733559
179,Fall,-0.25,-0.75,1.378177065,0.136619791,0.09516721,8.372859053,0.962659625,0.112827989,7.650864334
180,Winter,-0.25,-0.75,0.925012416,0.195957842,0.040579987,1.81288764,0.539154419,0.185812846,1.408521826
181,Spring,0,-0.75,0.799366158,0.151662946,0.10286474,10.55123757,1.099852249,0.151662946,9.72634838
182,Summer,0,-0.75,1.085538758,0.053004243,0.046295168,16.06230047,0.619953178,0.053004243,15.59733559
183,Fall,0,-0.75,1.360286632,0.136619791,0.09516721,8.372859053,0.962659625,0.136619791,7.650864334
184,Winter,0,-0.75,0.785680593,0.195957842,0.040579987,1.81288764,0.539154419,0.195957842,1.408521826
185,Spring,0.25,-0.75,0.866763117,0.151662946,0.10286474,10.55123757,1.099852249,0.177379131,9.72634838
186,Summer,0.25,-0.75,1.276660751,0.053004243,0.046295168,16.06230047,0.619953178,0.064578036,15.59733559
187,Fall,0.25,-0.75,1.328770563,0.136619791,0.09516721,8.372859053,0.962659625,0.160411594,7.650864334
188,Winter,0.25,-0.75,0.742288148,0.195957842,0.040579987,1.81288764,0.539154419,0.206102839,1.408521826
189,Spring,0.5,-0.75,0.967354774,0.151662946,0.10286474,10.55123757,1.099852249,0.203095316,9.72634838
190,Summer,0.5,-0.75,1.517320963,0.053004243,0.046295168,16.06230047,0.619953178,0.076151828,15.59733559
191,Fall,0.5,-0.75,1.285594594,0.136619791,0.09516721,8.372859053,0.962659625,0.184203396,7.650864334
192,Winter,0.5,-0.75,0.716168965,0.195957842,0.040579987,1.81288764,0.539154419,0.216247835,1.408521826
193,Spring,0.75,-0.75,1.096825841,0.151662946,0.10286474,10.55123757,1.099852249,0.228811501,9.72634838
194,Summer,0.75,-0.75,1.811097095,0.053004243,0.046295168,16.06230047,0.619953178,0.08772562,15.59733559
195,Fall,0.75,-0.75,1.237002366,0.136619791,0.09516721,8.372859053,0.962659625,0.207995199,7.650864334
196,Winter,0.75,-0.75,0.692791646,0.195957842,0.040579987,1.81288764,0.539154419,0.226392832,1.408521826
197,Spring,1,-0.75,1.249317197,0.151662946,0.10286474,10.55123757,1.099852249,0.254527686,9.72634838
198,Summer,1,-0.75,2.151931758,0.053004243,0.046295168,16.06230047,0.619953178,0.099299412,15.59733559
199,Fall,1,-0.75,1.193830631,0.136619791,0.09516721,8.372859053,0.962659625,0.231787001,7.650864334
200,Winter,1,-0.75,0.670018826,0.195957842,0.040579987,1.81288764,0.539154419,0.236537829,1.408521826
201,Spring,1.25,-0.75,1.422232455,0.151662946,0.10286474,10.55123757,1.099852249,0.280243871,9.72634838
202,Summer,1.25,-0.75,2.52049354,0.053004243,0.046295168,16.06230047,0.619953178,0.110873204,15.59733559
203,Fall,1.25,-0.75,1.164024386,0.136619791,0.09516721,8.372859053,0.962659625,0.255578804,7.650864334
204,Winter,1.25,-0.75,0.647391014,0.195957842,0.040579987,1.81288764,0.539154419,0.246682825,1.408521826
205,Spring,1.5,-0.75,1.614043543,0.151662946,0.10286474,10.55123757,1.099852249,0.305960055,9.72634838
206,Summer,1.5,-0.75,2.885010963,0.053004243,0.046295168,16.06230047,0.619953178,0.122446996,15.59733559
207,Fall,1.5,-0.75,1.151653936,0.136619791,0.09516721,8.372859053,0.962659625,0.279370606,7.650864334
208,Winter,1.5,-0.75,0.62486687,0.195957842,0.040579987,1.81288764,0.539154419,0.256827822,1.408521826
209,Spring,-1.5,-0.5,0.708394195,0.151662946,0.10286474,10.55123757,1.099852249,-0.002634163,10.00131144
210,Summer,-1.5,-0.5,0.55075578,0.053004243,0.046295168,16.06230047,0.619953178,-0.016438509,15.75232388
211,Fall,-1.5,-0.5,1.08655454,0.136619791,0.09516721,8.372859053,0.962659625,-0.006131024,7.891529241
212,Winter,-1.5,-0.5,1.215406115,0.195957842,0.040579987,1.81288764,0.539154419,0.135087862,1.543310431
213,Spring,-1.25,-0.5,0.716352162,0.151662946,0.10286474,10.55123757,1.099852249,0.023082022,10.00131144
214,Summer,-1.25,-0.5,0.592300739,0.053004243,0.046295168,16.06230047,0.619953178,-0.004864717,15.75232388
215,Fall,-1.25,-0.5,1.121708005,0.136619791,0.09516721,8.372859053,0.962659625,0.017660779,7.891529241
216,Winter,-1.25,-0.5,1.198049207,0.195957842,0.040579987,1.81288764,0.539154419,0.145232859,1.543310431
217,Spring,-1,-0.5,0.708859842,0.151662946,0.10286474,10.55123757,1.099852249,0.048798207,10.00131144
218,Summer,-1,-0.5,0.64659133,0.053004243,0.046295168,16.06230047,0.619953178,0.006709075,15.75232388
219,Fall,-1,-0.5,1.152463864,0.136619791,0.09516721,8.372859053,0.962659625,0.041452581,7.891529241
220,Winter,-1,-0.5,1.17012671,0.195957842,0.040579987,1.81288764,0.539154419,0.155377856,1.543310431
221,Spring,-0.75,-0.5,0.703770049,0.151662946,0.10286474,10.55123757,1.099852249,0.074514391,10.00131144
222,Summer,-0.75,-0.5,0.715403833,0.053004243,0.046295168,16.06230047,0.619953178,0.018282867,15.75232388
223,Fall,-0.75,-0.5,1.175566392,0.136619791,0.09516721,8.372859053,0.962659625,0.065244384,7.891529241
224,Winter,-0.75,-0.5,1.122424925,0.195957842,0.040579987,1.81288764,0.539154419,0.165522852,1.543310431
225,Spring,-0.5,-0.5,0.715068836,0.151662946,0.10286474,10.55123757,1.099852249,0.100230576,10.00131144
226,Summer,-0.5,-0.5,0.800852454,0.053004243,0.046295168,16.06230047,0.619953178,0.029856659,15.75232388
227,Fall,-0.5,-0.5,1.189154763,0.136619791,0.09516721,8.372859053,0.962659625,0.089036186,7.891529241
228,Winter,-0.5,-0.5,1.043073578,0.195957842,0.040579987,1.81288764,0.539154419,0.175667849,1.543310431
229,Spring,-0.25,-0.5,0.745746525,0.151662946,0.10286474,10.55123757,1.099852249,0.125946761,10.00131144
230,Summer,-0.25,-0.5,0.906116421,0.053004243,0.046295168,16.06230047,0.619953178,0.041430451,15.75232388
231,Fall,-0.25,-0.5,1.192082758,0.136619791,0.09516721,8.372859053,0.962659625,0.112827989,7.891529241
232,Winter,-0.25,-0.5,0.926724891,0.195957842,0.040579987,1.81288764,0.539154419,0.185812846,1.543310431
233,Spring,0,-0.5,0.814050577,0.151662946,0.10286474,10.55123757,1.099852249,0.151662946,10.00131144
234,Summer,0,-0.5,1.035989801,0.053004243,0.046295168,16.06230047,0.619953178,0.053004243,15.75232388
235,Fall,0,-0.5,1.183408842,0.136619791,0.09516721,8.372859053,0.962659625,0.136619791,7.891529241
236,Winter,0,-0.5,0.798269068,0.195957842,0.040579987,1.81288764,0.539154419,0.195957842,1.543310431
237,Spring,0.25,-0.5,0.936585649,0.151662946,0.10286474,10.55123757,1.099852249,0.177379131,10.00131144
238,Summer,0.25,-0.5,1.197491523,0.053004243,0.046295168,16.06230047,0.619953178,0.064578036,15.75232388
239,Fall,0.25,-0.5,1.162738291,0.136619791,0.09516721,8.372859053,0.962659625,0.160411594,7.891529241
240,Winter,0.25,-0.5,0.723682377,0.195957842,0.040579987,1.81288764,0.539154419,0.206102839,1.543310431
241,Spring,0.5,-0.5,1.103467782,0.151662946,0.10286474,10.55123757,1.099852249,0.203095316,10.00131144
242,Summer,0.5,-0.5,1.398049816,0.053004243,0.046295168,16.06230047,0.619953178,0.076151828,15.75232388
243,Fall,0.5,-0.5,1.132121032,0.136619791,0.09516721,8.372859053,0.962659625,0.184203396,7.891529241
244,Winter,0.5,-0.5,0.689964418,0.195957842,0.040579987,1.81288764,0.539154419,0.216247835,1.543310431
245,Spring,0.75,-0.5,1.307933342,0.151662946,0.10286474,10.55123757,1.099852249,0.228811501,10.00131144
246,Summer,0.75,-0.5,1.642283775,0.053004243,0.046295168,16.06230047,0.619953178,0.08772562,15.75232388
247,Fall,0.75,-0.5,1.098598647,0.136619791,0.09516721,8.372859053,0.962659625,0.207995199,7.891529241
248,Winter,0.75,-0.5,0.664965316,0.195957842,0.040579987,1.81288764,0.539154419,0.226392832,1.543310431
249,Spring,1,-0.5,1.548139964,0.151662946,0.10286474,10.55123757,1.099852249,0.254527686,10.00131144
250,Summer,1,-0.5,1.929268438,0.053004243,0.046295168,16.06230047,0.619953178,0.099299412,15.75232388
251,Fall,1,-0.5,1.071725675,0.136619791,0.09516721,8.372859053,0.962659625,0.231787001,7.891529241
252,Winter,1,-0.5,0.641827019,0.195957842,0.040579987,1.81288764,0.539154419,0.236537829,1.543310431
253,Spring,1.25,-0.5,1.821524975,0.151662946,0.10286474,10.55123757,1.099852249,0.280243871,10.00131144
254,Summer,1.25,-0.5,2.249980327,0.053004243,0.046295168,16.06230047,0.619953178,0.110873204,15.75232388
255,Fall,1.25,-0.5,1.056553324,0.136619791,0.09516721,8.372859053,0.962659625,0.255578804,7.891529241
256,Winter,1.25,-0.5,0.619124831,0.195957842,0.040579987,1.81288764,0.539154419,0.246682825,1.543310431
257,Spring,1.5,-0.5,2.121892733,0.151662946,0.10286474,10.55123757,1.099852249,0.305960055,10.00131144
258,Summer,1.5,-0.5,2.586137106,0.053004243,0.046295168,16.06230047,0.619953178,0.122446996,15.75232388
259,Fall,1.5,-0.5,1.054985483,0.136619791,0.09516721,8.372859053,0.962659625,0.279370606,7.891529241
260,Winter,1.5,-0.5,0.596551061,0.195957842,0.040579987,1.81288764,0.539154419,0.256827822,1.543310431
261,Spring,-1.5,-0.25,0.725401442,0.151662946,0.10286474,10.55123757,1.099852249,-0.002634163,10.2762745
262,Summer,-1.5,-0.25,0.550192741,0.053004243,0.046295168,16.06230047,0.619953178,-0.016438509,15.90731217
263,Fall,-1.5,-0.25,0.928173906,0.136619791,0.09516721,8.372859053,0.962659625,-0.006131024,8.132194147
264,Winter,-1.5,-0.25,0.936229492,0.195957842,0.040579987,1.81288764,0.539154419,0.135087862,1.678099036
265,Spring,-1.25,-0.25,0.71425317,0.151662946,0.10286474,10.55123757,1.099852249,0.023082022,10.2762745
266,Summer,-1.25,-0.25,0.589607883,0.053004243,0.046295168,16.06230047,0.619953178,-0.004864717,15.90731217
267,Fall,-1.25,-0.25,0.960353948,0.136619791,0.09516721,8.372859053,0.962659625,0.017660779,8.132194147
268,Winter,-1.25,-0.25,0.952812745,0.195957842,0.040579987,1.81288764,0.539154419,0.145232859,1.678099036
269,Spring,-1,-0.25,0.70701316,0.151662946,0.10286474,10.55123757,1.099852249,0.048798207,10.2762745
270,Summer,-1,-0.25,0.639774299,0.053004243,0.046295168,16.06230047,0.619953178,0.006709075,15.90731217
271,Fall,-1,-0.25,0.989069556,0.136619791,0.09516721,8.372859053,0.962659625,0.041452581,8.132194147
272,Winter,-1,-0.25,0.968170264,0.195957842,0.040579987,1.81288764,0.539154419,0.155377856,1.678099036
273,Spring,-0.75,-0.25,0.705396004,0.151662946,0.10286474,10.55123757,1.099852249,0.074514391,10.2762745
274,Summer,-0.75,-0.25,0.701733058,0.053004243,0.046295168,16.06230047,0.619953178,0.018282867,15.90731217
275,Fall,-0.75,-0.25,1.011990495,0.136619791,0.09516721,8.372859053,0.962659625,0.065244384,8.132194147
276,Winter,-0.75,-0.25,0.97608007,0.195957842,0.040579987,1.81288764,0.539154419,0.165522852,1.678099036
277,Spring,-0.5,-0.25,0.71306905,0.151662946,0.10286474,10.55123757,1.099852249,0.100230576,10.2762745
278,Summer,-0.5,-0.25,0.776813302,0.053004243,0.046295168,16.06230047,0.619953178,0.029856659,15.90731217
279,Fall,-0.5,-0.25,1.027533317,0.136619791,0.09516721,8.372859053,0.962659625,0.089036186,8.132194147
280,Winter,-0.5,-0.25,0.966391234,0.195957842,0.040579987,1.81288764,0.539154419,0.175667849,1.678099036
281,Spring,-0.25,-0.25,0.749740277,0.151662946,0.10286474,10.55123757,1.099852249,0.125946761,10.2762745
282,Summer,-0.25,-0.25,0.867165825,0.053004243,0.046295168,16.06230047,0.619953178,0.041430451,15.90731217
283,Fall,-0.25,-0.25,1.034516806,0.136619791,0.09516721,8.372859053,0.962659625,0.112827989,8.132194147
284,Winter,-0.25,-0.25,0.926310816,0.195957842,0.040579987,1.81288764,0.539154419,0.185812846,1.678099036
285,Spring,0,-0.25,0.854629506,0.151662946,0.10286474,10.55123757,1.099852249,0.151662946,10.2762745
286,Summer,0,-0.25,0.976188844,0.053004243,0.046295168,16.06230047,0.619953178,0.053004243,15.90731217
287,Fall,0,-0.25,1.031952269,0.136619791,0.09516721,8.372859053,0.962659625,0.136619791,8.132194147
288,Winter,0,-0.25,0.849511453,0.195957842,0.040579987,1.81288764,0.539154419,0.195957842,1.678099036
289,Spring,0.25,-0.25,1.02879555,0.151662946,0.10286474,10.55123757,1.099852249,0.177379131,10.2762745
290,Summer,0.25,-0.25,1.109256336,0.053004243,0.046295168,16.06230047,0.619953178,0.064578036,15.90731217
291,Fall,0.25,-0.25,1.01970478,0.136619791,0.09516721,8.372859053,0.962659625,0.160411594,8.132194147
292,Winter,0.25,-0.25,0.753566737,0.195957842,0.040579987,1.81288764,0.539154419,0.206102839,1.678099036
293,Spring,0.5,-0.25,1.259531517,0.151662946,0.10286474,10.55123757,1.099852249,0.203095316,10.2762745
294,Summer,0.5,-0.25,1.272687327,0.053004243,0.046295168,16.06230047,0.619953178,0.076151828,15.90731217
295,Fall,0.5,-0.25,1.000553002,0.136619791,0.09516721,8.372859053,0.962659625,0.184203396,8.132194147
296,Winter,0.5,-0.25,0.682799713,0.195957842,0.040579987,1.81288764,0.539154419,0.216247835,1.678099036
297,Spring,0.75,-0.25,1.545110452,0.151662946,0.10286474,10.55123757,1.099852249,0.228811501,10.2762745
298,Summer,0.75,-0.25,1.471513339,0.053004243,0.046295168,16.06230047,0.619953178,0.08772562,15.90731217
299,Fall,0.75,-0.25,0.981526978,0.136619791,0.09516721,8.372859053,0.962659625,0.207995199,8.132194147
300,Winter,0.75,-0.25,0.643981079,0.195957842,0.040579987,1.81288764,0.539154419,0.226392832,1.678099036
301,Spring,1,-0.25,1.882477792,0.151662946,0.10286474,10.55123757,1.099852249,0.254527686,10.2762745
302,Summer,1,-0.25,1.707608449,0.053004243,0.046295168,16.06230047,0.619953178,0.099299412,15.90731217
303,Fall,1,-0.25,0.969547776,0.136619791,0.09516721,8.372859053,0.962659625,0.231787001,8.132194147
304,Winter,1,-0.25,0.613627584,0.195957842,0.040579987,1.81288764,0.539154419,0.236537829,1.678099036
305,Spring,1.25,-0.25,2.25947021,0.151662946,0.10286474,10.55123757,1.099852249,0.280243871,10.2762745
306,Summer,1.25,-0.25,1.978162462,0.053004243,0.046295168,16.06230047,0.619953178,0.110873204,15.90731217
307,Fall,1.25,-0.25,0.967105226,0.136619791,0.09516721,8.372859053,0.962659625,0.255578804,8.132194147
308,Winter,1.25,-0.25,0.584283744,0.195957842,0.040579987,1.81288764,0.539154419,0.246682825,1.678099036
309,Spring,1.5,-0.25,2.651538975,0.151662946,0.10286474,10.55123757,1.099852249,0.305960055,10.2762745
310,Summer,1.5,-0.25,2.274530842,0.053004243,0.046295168,16.06230047,0.619953178,0.122446996,15.90731217
311,Fall,1.5,-0.25,0.974442498,0.136619791,0.09516721,8.372859053,0.962659625,0.279370606,8.132194147
312,Winter,1.5,-0.25,0.554788992,0.195957842,0.040579987,1.81288764,0.539154419,0.256827822,1.678099036
313,Spring,-1.5,0,0.73138397,0.151662946,0.10286474,10.55123757,1.099852249,-0.002634163,10.55123757
314,Summer,-1.5,0,0.541667546,0.053004243,0.046295168,16.06230047,0.619953178,-0.016438509,16.06230047
315,Fall,-1.5,0,0.803787657,0.136619791,0.09516721,8.372859053,0.962659625,-0.006131024,8.372859053
316,Winter,-1.5,0,0.7913616,0.195957842,0.040579987,1.81288764,0.539154419,0.135087862,1.81288764
317,Spring,-1.25,0,0.727859438,0.151662946,0.10286474,10.55123757,1.099852249,0.023082022,10.55123757
318,Summer,-1.25,0,0.576758825,0.053004243,0.046295168,16.06230047,0.619953178,-0.004864717,16.06230047
319,Fall,-1.25,0,0.83161381,0.136619791,0.09516721,8.372859053,0.962659625,0.017660779,8.372859053
320,Winter,-1.25,0,0.807639033,0.195957842,0.040579987,1.81288764,0.539154419,0.145232859,1.81288764
321,Spring,-1,0,0.723888674,0.151662946,0.10286474,10.55123757,1.099852249,0.048798207,10.55123757
322,Summer,-1,0,0.620929402,0.053004243,0.046295168,16.06230047,0.619953178,0.006709075,16.06230047
323,Fall,-1,0,0.856845204,0.136619791,0.09516721,8.372859053,0.962659625,0.041452581,8.372859053
324,Winter,-1,0,0.831112643,0.195957842,0.040579987,1.81288764,0.539154419,0.155377856,1.81288764
325,Spring,-0.75,0,0.718918173,0.151662946,0.10286474,10.55123757,1.099852249,0.074514391,10.55123757
326,Summer,-0.75,0,0.674738058,0.053004243,0.046295168,16.06230047,0.619953178,0.018282867,16.06230047
327,Fall,-0.75,0,0.877742373,0.136619791,0.09516721,8.372859053,0.962659625,0.065244384,8.372859053
328,Winter,-0.75,0,0.86012547,0.195957842,0.040579987,1.81288764,0.539154419,0.165522852,1.81288764
329,Spring,-0.5,0,0.720832215,0.151662946,0.10286474,10.55123757,1.099852249,0.100230576,10.55123757
330,Summer,-0.5,0,0.738695607,0.053004243,0.046295168,16.06230047,0.619953178,0.029856659,16.06230047
331,Fall,-0.5,0,0.89297659,0.136619791,0.09516721,8.372859053,0.962659625,0.089036186,8.372859053
332,Winter,-0.5,0,0.889173343,0.195957842,0.040579987,1.81288764,0.539154419,0.175667849,1.81288764
333,Spring,-0.25,0,0.764784599,0.151662946,0.10286474,10.55123757,1.099852249,0.125946761,10.55123757
334,Summer,-0.25,0,0.813941439,0.053004243,0.046295168,16.06230047,0.619953178,0.041430451,16.06230047
335,Fall,-0.25,0,0.901532804,0.136619791,0.09516721,8.372859053,0.962659625,0.112827989,8.372859053
336,Winter,-0.25,0,0.908084981,0.195957842,0.040579987,1.81288764,0.539154419,0.185812846,1.81288764
337,Spring,0,0,0.902841118,0.151662946,0.10286474,10.55123757,1.099852249,0.151662946,10.55123757
338,Summer,0,0,0.902841118,0.053004243,0.046295168,16.06230047,0.619953178,0.053004243,16.06230047
339,Fall,0,0,0.902841118,0.136619791,0.09516721,8.372859053,0.962659625,0.136619791,8.372859053
340,Winter,0,0,0.902841118,0.195957842,0.040579987,1.81288764,0.539154419,0.195957842,1.81288764
341,Spring,0.25,0,1.125797306,0.151662946,0.10286474,10.55123757,1.099852249,0.177379131,10.55123757
342,Summer,0.25,0,1.009750262,0.053004243,0.046295168,16.06230047,0.619953178,0.064578036,16.06230047
343,Fall,0.25,0,0.897695552,0.136619791,0.09516721,8.372859053,0.962659625,0.160411594,8.372859053
344,Winter,0.25,0,0.862179447,0.195957842,0.040579987,1.81288764,0.539154419,0.206102839,1.81288764
345,Spring,0.5,0,1.424595111,0.151662946,0.10286474,10.55123757,1.099852249,0.203095316,10.55123757
346,Summer,0.5,0,1.140234374,0.053004243,0.046295168,16.06230047,0.619953178,0.076151828,16.06230047
347,Fall,0.5,0,0.889700022,0.136619791,0.09516721,8.372859053,0.962659625,0.184203396,8.372859053
348,Winter,0.5,0,0.790149013,0.195957842,0.040579987,1.81288764,0.539154419,0.216247835,1.81288764
349,Spring,0.75,0,1.798266764,0.151662946,0.10286474,10.55123757,1.099852249,0.228811501,10.55123757
350,Summer,0.75,0,1.299264624,0.053004243,0.046295168,16.06230047,0.619953178,0.08772562,16.06230047
351,Fall,0.75,0,0.884440679,0.136619791,0.09516721,8.372859053,0.962659625,0.207995199,8.372859053
352,Winter,0.75,0,0.707471795,0.195957842,0.040579987,1.81288764,0.539154419,0.226392832,1.81288764
353,Spring,1,0,2.232356687,0.151662946,0.10286474,10.55123757,1.099852249,0.254527686,10.55123757
354,Summer,1,0,1.48983889,0.053004243,0.046295168,16.06230047,0.619953178,0.099299412,16.06230047
355,Fall,1,0,0.885506627,0.136619791,0.09516721,8.372859053,0.962659625,0.231787001,8.372859053
356,Winter,1,0,0.633736352,0.195957842,0.040579987,1.81288764,0.539154419,0.236537829,1.81288764
357,Spring,1.25,0,2.688593258,0.151662946,0.10286474,10.55123757,1.099852249,0.280243871,10.55123757
358,Summer,1.25,0,1.712181217,0.053004243,0.046295168,16.06230047,0.619953178,0.110873204,16.06230047
359,Fall,1.25,0,0.893397744,0.136619791,0.09516721,8.372859053,0.962659625,0.255578804,8.372859053
360,Winter,1.25,0,0.576187857,0.195957842,0.040579987,1.81288764,0.539154419,0.246682825,1.81288764
361,Spring,1.5,0,3.111993729,0.151662946,0.10286474,10.55123757,1.099852249,0.305960055,10.55123757
362,Summer,1.5,0,1.963237273,0.053004243,0.046295168,16.06230047,0.619953178,0.122446996,16.06230047
363,Fall,1.5,0,0.907436856,0.136619791,0.09516721,8.372859053,0.962659625,0.279370606,8.372859053
364,Winter,1.5,0,0.532976171,0.195957842,0.040579987,1.81288764,0.539154419,0.256827822,1.81288764
365,Spring,-1.5,0.25,0.761172915,0.151662946,0.10286474,10.55123757,1.099852249,-0.002634163,10.82620063
366,Summer,-1.5,0.25,0.527887592,0.053004243,0.046295168,16.06230047,0.619953178,-0.016438509,16.21728876
367,Fall,-1.5,0.25,0.704712366,0.136619791,0.09516721,8.372859053,0.962659625,-0.006131024,8.61352396
368,Winter,-1.5,0.25,0.714295397,0.195957842,0.040579987,1.81288764,0.539154419,0.135087862,1.947676245
369,Spring,-1.25,0.25,0.754319128,0.151662946,0.10286474,10.55123757,1.099852249,0.023082022,10.82620063
370,Summer,-1.25,0.25,0.553893605,0.053004243,0.046295168,16.06230047,0.619953178,-0.004864717,16.21728876
371,Fall,-1.25,0.25,0.72741603,0.136619791,0.09516721,8.372859053,0.962659625,0.017660779,8.61352396
372,Winter,-1.25,0.25,0.728251536,0.195957842,0.040579987,1.81288764,0.539154419,0.145232859,1.947676245
373,Spring,-1,0.25,0.746932662,0.151662946,0.10286474,10.55123757,1.099852249,0.048798207,10.82620063
374,Summer,-1,0.25,0.588212265,0.053004243,0.046295168,16.06230047,0.619953178,0.006709075,16.21728876
375,Fall,-1,0.25,0.748169601,0.136619791,0.09516721,8.372859053,0.962659625,0.041452581,8.61352396
376,Winter,-1,0.25,0.747963835,0.195957842,0.040579987,1.81288764,0.539154419,0.155377856,1.947676245
377,Spring,-0.75,0.25,0.73839398,0.151662946,0.10286474,10.55123757,1.099852249,0.074514391,10.82620063
378,Summer,-0.75,0.25,0.631691825,0.053004243,0.046295168,16.06230047,0.619953178,0.018282867,16.21728876
379,Fall,-0.75,0.25,0.765691713,0.136619791,0.09516721,8.372859053,0.962659625,0.065244384,8.61352396
380,Winter,-0.75,0.25,0.777500744,0.195957842,0.040579987,1.81288764,0.539154419,0.165522852,1.947676245
381,Spring,-0.5,0.25,0.73712334,0.151662946,0.10286474,10.55123757,1.099852249,0.100230576,10.82620063
382,Summer,-0.5,0.25,0.683921045,0.053004243,0.046295168,16.06230047,0.619953178,0.029856659,16.21728876
383,Fall,-0.5,0.25,0.779060206,0.136619791,0.09516721,8.372859053,0.962659625,0.089036186,8.61352396
384,Winter,-0.5,0.25,0.820117024,0.195957842,0.040579987,1.81288764,0.539154419,0.175667849,1.947676245
385,Spring,-0.25,0.25,0.784855497,0.151662946,0.10286474,10.55123757,1.099852249,0.125946761,10.82620063
386,Summer,-0.25,0.25,0.744793734,0.053004243,0.046295168,16.06230047,0.619953178,0.041430451,16.21728876
387,Fall,-0.25,0.25,0.787849361,0.136619791,0.09516721,8.372859053,0.962659625,0.112827989,8.61352396
388,Winter,-0.25,0.25,0.874024911,0.195957842,0.040579987,1.81288764,0.539154419,0.185812846,1.947676245
389,Spring,0,0.25,0.951048756,0.151662946,0.10286474,10.55123757,1.099852249,0.151662946,10.82620063
390,Summer,0,0.25,0.815728775,0.053004243,0.046295168,16.06230047,0.619953178,0.053004243,16.21728876
391,Fall,0,0.25,0.792488064,0.136619791,0.09516721,8.372859053,0.962659625,0.136619791,8.61352396
392,Winter,0,0.25,0.930761022,0.195957842,0.040579987,1.81288764,0.539154419,0.195957842,1.947676245
393,Spring,0.25,0.25,1.223651473,0.151662946,0.10286474,10.55123757,1.099852249,0.177379131,10.82620063
394,Summer,0.25,0.25,0.900351628,0.053004243,0.046295168,16.06230047,0.619953178,0.064578036,16.21728876
395,Fall,0.25,0.25,0.794861018,0.136619791,0.09516721,8.372859053,0.962659625,0.160411594,8.61352396
396,Winter,0.25,0.25,0.976382152,0.195957842,0.040579987,1.81288764,0.539154419,0.206102839,1.947676245
397,Spring,0.5,0.25,1.59578405,0.151662946,0.10286474,10.55123757,1.099852249,0.203095316,10.82620063
398,Summer,0.5,0.25,1.003500227,0.053004243,0.046295168,16.06230047,0.619953178,0.076151828,16.21728876
399,Fall,0.5,0.25,0.798180859,0.136619791,0.09516721,8.372859053,0.962659625,0.184203396,8.61352396
400,Winter,0.5,0.25,0.996886989,0.195957842,0.040579987,1.81288764,0.539154419,0.216247835,1.947676245
401,Spring,0.75,0.25,2.05929878,0.151662946,0.10286474,10.55123757,1.099852249,0.228811501,10.82620063
402,Summer,0.75,0.25,1.129574949,0.053004243,0.046295168,16.06230047,0.619953178,0.08772562,16.21728876
403,Fall,0.75,0.25,0.805195628,0.136619791,0.09516721,8.372859053,0.962659625,0.207995199,8.61352396
404,Winter,0.75,0.25,0.991801237,0.195957842,0.040579987,1.81288764,0.539154419,0.226392832,1.947676245
405,Spring,1,0.25,2.570952558,0.151662946,0.10286474,10.55123757,1.099852249,0.254527686,10.82620063
406,Summer,1,0.25,1.281508625,0.053004243,0.046295168,16.06230047,0.619953178,0.099299412,16.21728876
407,Fall,1,0.25,0.81678764,0.136619791,0.09516721,8.372859053,0.962659625,0.231787001,8.61352396
408,Winter,1,0.25,0.97493658,0.195957842,0.040579987,1.81288764,0.539154419,0.236537829,1.947676245
409,Spring,1.25,0.25,3.051644645,0.151662946,0.10286474,10.55123757,1.099852249,0.280243871,10.82620063
410,Summer,1.25,0.25,1.460452055,0.053004243,0.046295168,16.06230047,0.619953178,0.110873204,16.21728876
411,Fall,1.25,0.25,0.832572491,0.136619791,0.09516721,8.372859053,0.962659625,0.255578804,8.61352396
412,Winter,1.25,0.25,0.958695234,0.195957842,0.040579987,1.81288764,0.539154419,0.246682825,1.947676245
413,Spring,1.5,0.25,3.430351526,0.151662946,0.10286474,10.55123757,1.099852249,0.305960055,10.82620063
414,Summer,1.5,0.25,1.665848679,0.053004243,0.046295168,16.06230047,0.619953178,0.122446996,16.21728876
415,Fall,1.5,0.25,0.851864531,0.136619791,0.09516721,8.372859053,0.962659625,0.279370606,8.61352396
416,Winter,1.5,0.25,0.946948717,0.195957842,0.040579987,1.81288764,0.539154419,0.256827822,1.947676245
417,Spring,-1.5,0.5,0.792187387,0.151662946,0.10286474,10.55123757,1.099852249,-0.002634163,11.10116369
418,Summer,-1.5,0.5,0.534945653,0.053004243,0.046295168,16.06230047,0.619953178,-0.016438509,16.37227706
419,Fall,-1.5,0.5,0.619366012,0.136619791,0.09516721,8.372859053,0.962659625,-0.006131024,8.854188866
420,Winter,-1.5,0.5,0.655348354,0.195957842,0.040579987,1.81288764,0.539154419,0.135087862,2.08246485
421,Spring,-1.25,0.5,0.780259862,0.151662946,0.10286474,10.55123757,1.099852249,0.023082022,11.10116369
422,Summer,-1.25,0.5,0.539274394,0.053004243,0.046295168,16.06230047,0.619953178,-0.004864717,16.37227706
423,Fall,-1.25,0.5,0.636552048,0.136619791,0.09516721,8.372859053,0.962659625,0.017660779,8.854188866
424,Winter,-1.25,0.5,0.672864599,0.195957842,0.040579987,1.81288764,0.539154419,0.145232859,2.08246485
425,Spring,-1,0.5,0.769462409,0.151662946,0.10286474,10.55123757,1.099852249,0.048798207,11.10116369
426,Summer,-1,0.5,0.551350028,0.053004243,0.046295168,16.06230047,0.619953178,0.006709075,16.37227706
427,Fall,-1,0.5,0.652496356,0.136619791,0.09516721,8.372859053,0.962659625,0.041452581,8.854188866
428,Winter,-1,0.5,0.69359679,0.195957842,0.040579987,1.81288764,0.539154419,0.155377856,2.08246485
429,Spring,-0.75,0.5,0.759769252,0.151662946,0.10286474,10.55123757,1.099852249,0.074514391,11.10116369
430,Summer,-0.75,0.5,0.57694452,0.053004243,0.046295168,16.06230047,0.619953178,0.018282867,16.37227706
431,Fall,-0.75,0.5,0.666517404,0.136619791,0.09516721,8.372859053,0.962659625,0.065244384,8.854188866
432,Winter,-0.75,0.5,0.721317045,0.195957842,0.040579987,1.81288764,0.539154419,0.165522852,2.08246485
433,Spring,-0.5,0.5,0.758107524,0.151662946,0.10286474,10.55123757,1.099852249,0.100230576,11.10116369
434,Summer,-0.5,0.5,0.615563671,0.053004243,0.046295168,16.06230047,0.619953178,0.029856659,16.37227706
435,Fall,-0.5,0.5,0.678440748,0.136619791,0.09516721,8.372859053,0.962659625,0.089036186,8.854188866
436,Winter,-0.5,0.5,0.764549654,0.195957842,0.040579987,1.81288764,0.539154419,0.175667849,2.08246485
437,Spring,-0.25,0.5,0.806278524,0.151662946,0.10286474,10.55123757,1.099852249,0.125946761,11.10116369
438,Summer,-0.25,0.5,0.66364073,0.053004243,0.046295168,16.06230047,0.619953178,0.041430451,16.37227706
439,Fall,-0.25,0.5,0.688777975,0.136619791,0.09516721,8.372859053,0.962659625,0.112827989,8.854188866
440,Winter,-0.25,0.5,0.834574364,0.195957842,0.040579987,1.81288764,0.539154419,0.185812846,2.08246485
441,Spring,0,0.5,0.997058231,0.151662946,0.10286474,10.55123757,1.099852249,0.151662946,11.10116369
442,Summer,0,0.5,0.720301673,0.053004243,0.046295168,16.06230047,0.619953178,0.053004243,16.37227706
443,Fall,0,0.5,0.698766683,0.136619791,0.09516721,8.372859053,0.962659625,0.136619791,8.854188866
444,Winter,0,0.5,0.935482008,0.195957842,0.040579987,1.81288764,0.539154419,0.195957842,2.08246485
445,Spring,0.25,0.5,1.32181777,0.151662946,0.10286474,10.55123757,1.099852249,0.177379131,11.10116369
446,Summer,0.25,0.5,0.787932059,0.053004243,0.046295168,16.06230047,0.619953178,0.064578036,16.37227706
447,Fall,0.25,0.5,0.710008804,0.136619791,0.09516721,8.372859053,0.962659625,0.160411594,8.854188866
448,Winter,0.25,0.5,1.062112538,0.195957842,0.040579987,1.81288764,0.539154419,0.206102839,2.08246485
449,Spring,0.5,0.5,1.771551255,0.151662946,0.10286474,10.55123757,1.099852249,0.203095316,11.10116369
450,Summer,0.5,0.5,0.870153341,0.053004243,0.046295168,16.06230047,0.619953178,0.076151828,16.37227706
451,Fall,0.5,0.5,0.723695425,0.136619791,0.09516721,8.372859053,0.962659625,0.184203396,8.854188866
452,Winter,0.5,0.5,1.203103274,0.195957842,0.040579987,1.81288764,0.539154419,0.216247835,2.08246485
453,Spring,0.75,0.5,2.317100076,0.151662946,0.10286474,10.55123757,1.099852249,0.228811501,11.10116369
454,Summer,0.75,0.5,0.970225521,0.053004243,0.046295168,16.06230047,0.619953178,0.08772562,16.37227706
455,Fall,0.75,0.5,0.740145496,0.136619791,0.09516721,8.372859053,0.962659625,0.207995199,8.854188866
456,Winter,0.75,0.5,1.34395402,0.195957842,0.040579987,1.81288764,0.539154419,0.226392832,2.08246485
457,Spring,1,0.5,2.866134025,0.151662946,0.10286474,10.55123757,1.099852249,0.254527686,11.10116369
458,Summer,1,0.5,1.0903664,0.053004243,0.046295168,16.06230047,0.619953178,0.099299412,16.37227706
459,Fall,1,0.5,0.759102229,0.136619791,0.09516721,8.372859053,0.962659625,0.231787001,8.854188866
460,Winter,1,0.5,1.476256899,0.195957842,0.040579987,1.81288764,0.539154419,0.236537829,2.08246485
461,Spring,1.25,0.5,3.306034758,0.151662946,0.10286474,10.55123757,1.099852249,0.280243871,11.10116369
462,Summer,1.25,0.5,1.231659086,0.053004243,0.046295168,16.06230047,0.619953178,0.110873204,16.37227706
463,Fall,1.25,0.5,0.780204754,0.136619791,0.09516721,8.372859053,0.962659625,0.255578804,8.854188866
464,Winter,1.25,0.5,1.583992655,0.195957842,0.040579987,1.81288764,0.539154419,0.246682825,2.08246485
465,Spring,1.5,0.5,3.592995319,0.151662946,0.10286474,10.55123757,1.099852249,0.305960055,11.10116369
466,Summer,1.5,0.5,1.394326364,0.053004243,0.046295168,16.06230047,0.619953178,0.122446996,16.37227706
467,Fall,1.5,0.5,0.803190805,0.136619791,0.09516721,8.372859053,0.962659625,0.279370606,8.854188866
468,Winter,1.5,0.5,1.636680872,0.195957842,0.040579987,1.81288764,0.539154419,0.256827822,2.08246485
469,Spring,-1.5,0.75,0.817414065,0.151662946,0.10286474,10.55123757,1.099852249,-0.002634163,11.37612675
470,Summer,-1.5,0.75,0.569758443,0.053004243,0.046295168,16.06230047,0.619953178,-0.016438509,16.52726535
471,Fall,-1.5,0.75,0.532892329,0.136619791,0.09516721,8.372859053,0.962659625,-0.006131024,9.094853773
472,Winter,-1.5,0.75,0.598634227,0.195957842,0.040579987,1.81288764,0.539154419,0.135087862,2.217253455
473,Spring,-1.25,0.75,0.802925709,0.151662946,0.10286474,10.55123757,1.099852249,0.023082022,11.37612675
474,Summer,-1.25,0.75,0.552411938,0.053004243,0.046295168,16.06230047,0.619953178,-0.004864717,16.52726535
475,Fall,-1.25,0.75,0.546316762,0.136619791,0.09516721,8.372859053,0.962659625,0.017660779,9.094853773
476,Winter,-1.25,0.75,0.621198092,0.195957842,0.040579987,1.81288764,0.539154419,0.145232859,2.217253455
477,Spring,-1,0.75,0.790270673,0.151662946,0.10286474,10.55123757,1.099852249,0.048798207,11.37612675
478,Summer,-1,0.75,0.537597095,0.053004243,0.046295168,16.06230047,0.619953178,0.006709075,16.52726535
479,Fall,-1,0.75,0.560082539,0.136619791,0.09516721,8.372859053,0.962659625,0.041452581,9.094853773
480,Winter,-1,0.75,0.646782682,0.195957842,0.040579987,1.81288764,0.539154419,0.155377856,2.217253455
481,Spring,-0.75,0.75,0.78137153,0.151662946,0.10286474,10.55123757,1.099852249,0.074514391,11.37612675
482,Summer,-0.75,0.75,0.532119352,0.053004243,0.046295168,16.06230047,0.619953178,0.018282867,16.52726535
483,Fall,-0.75,0.75,0.574114303,0.136619791,0.09516721,8.372859053,0.962659625,0.065244384,9.094853773
484,Winter,-0.75,0.75,0.677406592,0.195957842,0.040579987,1.81288764,0.539154419,0.165522852,2.217253455
485,Spring,-0.5,0.75,0.780908031,0.151662946,0.10286474,10.55123757,1.099852249,0.100230576,11.37612675
486,Summer,-0.5,0.75,0.547073867,0.053004243,0.046295168,16.06230047,0.619953178,0.029856659,16.52726535
487,Fall,-0.5,0.75,0.58869839,0.136619791,0.09516721,8.372859053,0.962659625,0.089036186,9.094853773
488,Winter,-0.5,0.75,0.720533044,0.195957842,0.040579987,1.81288764,0.539154419,0.175667849,2.217253455
489,Spring,-0.25,0.75,0.827720479,0.151662946,0.10286474,10.55123757,1.099852249,0.125946761,11.37612675
490,Summer,-0.25,0.75,0.581903007,0.053004243,0.046295168,16.06230047,0.619953178,0.041430451,16.52726535
491,Fall,-0.25,0.75,0.604385204,0.136619791,0.09516721,8.372859053,0.962659625,0.112827989,9.094853773
492,Winter,-0.25,0.75,0.795903471,0.195957842,0.040579987,1.81288764,0.539154419,0.185812846,2.217253455
493,Spring,0,0.75,1.040579127,0.151662946,0.10286474,10.55123757,1.099852249,0.151662946,11.37612675
494,Summer,0,0.75,0.628241392,0.053004243,0.046295168,16.06230047,0.619953178,0.053004243,16.52726535
495,Fall,0,0.75,0.621725312,0.136619791,0.09516721,8.372859053,0.962659625,0.136619791,9.094853773
496,Winter,0,0.75,0.926523645,0.195957842,0.040579987,1.81288764,0.539154419,0.195957842,2.217253455
497,Spring,0.25,0.75,1.420765539,0.151662946,0.10286474,10.55123757,1.099852249,0.177379131,11.37612675
498,Summer,0.25,0.75,0.684418601,0.053004243,0.046295168,16.06230047,0.619953178,0.064578036,16.52726535
499,Fall,0.25,0.75,0.640992348,0.136619791,0.09516721,8.372859053,0.962659625,0.160411594,9.094853773
500,Winter,0.25,0.75,1.12135118,0.195957842,0.040579987,1.81288764,0.539154419,0.206102839,2.217253455
501,Spring,0.5,0.75,1.949660817,0.151662946,0.10286474,10.55123757,1.099852249,0.203095316,11.37612675
502,Summer,0.5,0.75,0.751691011,0.053004243,0.046295168,16.06230047,0.619953178,0.076151828,16.52726535
503,Fall,0.5,0.75,0.662066321,0.136619791,0.09516721,8.372859053,0.962659625,0.184203396,9.094853773
504,Winter,0.5,0.75,1.382481478,0.195957842,0.040579987,1.81288764,0.539154419,0.216247835,2.217253455
505,Spring,0.75,0.75,2.55711578,0.151662946,0.10286474,10.55123757,1.099852249,0.228811501,11.37612675
506,Summer,0.75,0.75,0.831636641,0.053004243,0.046295168,16.06230047,0.619953178,0.08772562,16.52726535
507,Fall,0.75,0.75,0.684525497,0.136619791,0.09516721,8.372859053,0.962659625,0.207995199,9.094853773
508,Winter,0.75,0.75,1.70155085,0.195957842,0.040579987,1.81288764,0.539154419,0.226392832,2.217253455
509,Spring,1,0.75,3.090911288,0.151662946,0.10286474,10.55123757,1.099852249,0.254527686,11.37612675
510,Summer,1,0.75,0.925605089,0.053004243,0.046295168,16.06230047,0.619953178,0.099299412,16.52726535
511,Fall,1,0.75,0.707909081,0.136619791,0.09516721,8.372859053,0.962659625,0.231787001,9.094853773
512,Winter,1,0.75,2.043632027,0.195957842,0.040579987,1.81288764,0.539154419,0.236537829,2.217253455
513,Spring,1.25,0.75,3.442930648,0.151662946,0.10286474,10.55123757,1.099852249,0.280243871,11.37612675
514,Summer,1.25,0.75,1.034509957,0.053004243,0.046295168,16.06230047,0.619953178,0.110873204,16.52726535
515,Fall,1.25,0.75,0.732009642,0.136619791,0.09516721,8.372859053,0.962659625,0.255578804,9.094853773
516,Winter,1.25,0.75,2.318784251,0.195957842,0.040579987,1.81288764,0.539154419,0.246682825,2.217253455
517,Spring,1.5,0.75,3.631547225,0.151662946,0.10286474,10.55123757,1.099852249,0.305960055,11.37612675
518,Summer,1.5,0.75,1.158829814,0.053004243,0.046295168,16.06230047,0.619953178,0.122446996,16.52726535
519,Fall,1.5,0.75,0.756955041,0.136619791,0.09516721,8.372859053,0.962659625,0.279370606,9.094853773
520,Winter,1.5,0.75,2.456341575,0.195957842,0.040579987,1.81288764,0.539154419,0.256827822,2.217253455
521,Spring,-1.5,1,0.833739818,0.151662946,0.10286474,10.55123757,1.099852249,-0.002634163,11.65108982
522,Summer,-1.5,1,0.608559973,0.053004243,0.046295168,16.06230047,0.619953178,-0.016438509,16.68225365
523,Fall,-1.5,1,0.453293663,0.136619791,0.09516721,8.372859053,0.962659625,-0.006131024,9.335518679
524,Winter,-1.5,1,0.545311365,0.195957842,0.040579987,1.81288764,0.539154419,0.135087862,2.352042059
525,Spring,-1.25,1,0.821378459,0.151662946,0.10286474,10.55123757,1.099852249,0.023082022,11.65108982
526,Summer,-1.25,1,0.573225579,0.053004243,0.046295168,16.06230047,0.619953178,-0.004864717,16.68225365
527,Fall,-1.25,1,0.466759529,0.136619791,0.09516721,8.372859053,0.962659625,0.017660779,9.335518679
528,Winter,-1.25,1,0.570796728,0.195957842,0.040579987,1.81288764,0.539154419,0.145232859,2.352042059
529,Spring,-1,1,0.809279286,0.151662946,0.10286474,10.55123757,1.099852249,0.048798207,11.65108982
530,Summer,-1,1,0.539673639,0.053004243,0.046295168,16.06230047,0.619953178,0.006709075,16.68225365
531,Fall,-1,1,0.481896555,0.136619791,0.09516721,8.372859053,0.962659625,0.041452581,9.335518679
532,Winter,-1,1,0.601164396,0.195957842,0.040579987,1.81288764,0.539154419,0.155377856,2.352042059
533,Spring,-0.75,1,0.802410529,0.151662946,0.10286474,10.55123757,1.099852249,0.074514391,11.65108982
534,Summer,-0.75,1,0.511412262,0.053004243,0.046295168,16.06230047,0.619953178,0.018282867,16.68225365
535,Fall,-0.75,1,0.498614863,0.136619791,0.09516721,8.372859053,0.962659625,0.065244384,9.335518679
536,Winter,-0.75,1,0.637001288,0.195957842,0.040579987,1.81288764,0.539154419,0.165522852,2.352042059
537,Spring,-0.5,1,0.804025145,0.151662946,0.10286474,10.55123757,1.099852249,0.100230576,11.65108982
538,Summer,-0.5,1,0.497657898,0.053004243,0.046295168,16.06230047,0.619953178,0.029856659,16.68225365
539,Fall,-0.5,1,0.516974553,0.136619791,0.09516721,8.372859053,0.962659625,0.089036186,9.335518679
540,Winter,-0.5,1,0.683105168,0.195957842,0.040579987,1.81288764,0.539154419,0.175667849,2.352042059
541,Spring,-0.25,1,0.84893955,0.151662946,0.10286474,10.55123757,1.099852249,0.125946761,11.65108982
542,Summer,-0.25,1,0.514045974,0.053004243,0.046295168,16.06230047,0.619953178,0.041430451,16.68225365
543,Fall,-0.25,1,0.537146557,0.136619791,0.09516721,8.372859053,0.962659625,0.112827989,9.335518679
544,Winter,-0.25,1,0.760248293,0.195957842,0.040579987,1.81288764,0.539154419,0.185812846,2.352042059
545,Spring,0,1,1.082014288,0.151662946,0.10286474,10.55123757,1.099852249,0.151662946,11.65108982
546,Summer,0,1,0.552638809,0.053004243,0.046295168,16.06230047,0.619953178,0.053004243,16.68225365
547,Fall,0,1,0.559277327,0.136619791,0.09516721,8.372859053,0.962659625,0.136619791,9.335518679
548,Winter,0,1,0.910438926,0.195957842,0.040579987,1.81288764,0.539154419,0.195957842,2.352042059
549,Spring,0.25,1,1.521107163,0.151662946,0.10286474,10.55123757,1.099852249,0.177379131,11.65108982
550,Summer,0.25,1,0.60146058,0.053004243,0.046295168,16.06230047,0.619953178,0.064578036,16.68225365
551,Fall,0.25,1,0.583299062,0.136619791,0.09516721,8.372859053,0.962659625,0.160411594,9.335518679
552,Winter,0.25,1,1.162785708,0.195957842,0.040579987,1.81288764,0.539154419,0.206102839,2.352042059
553,Spring,0.5,1,2.126522658,0.151662946,0.10286474,10.55123757,1.099852249,0.203095316,11.65108982
554,Summer,0.5,1,0.658300117,0.053004243,0.046295168,16.06230047,0.619953178,0.076151828,16.68225365
555,Fall,0.5,1,0.608791705,0.136619791,0.09516721,8.372859053,0.962659625,0.184203396,9.335518679
556,Winter,0.5,1,1.536885048,0.195957842,0.040579987,1.81288764,0.539154419,0.216247835,2.352042059
557,Spring,0.75,1,2.764154084,0.151662946,0.10286474,10.55123757,1.099852249,0.228811501,11.65108982
558,Summer,0.75,1,0.723234821,0.053004243,0.046295168,16.06230047,0.619953178,0.08772562,16.68225365
559,Fall,0.75,1,0.634994259,0.136619791,0.09516721,8.372859053,0.962659625,0.207995199,9.335518679
560,Winter,0.75,1,2.037523111,0.195957842,0.040579987,1.81288764,0.539154419,0.226392832,2.352042059
561,Spring,1,1,3.233862221,0.151662946,0.10286474,10.55123757,1.099852249,0.254527686,11.65108982
562,Summer,1,1,0.796669659,0.053004243,0.046295168,16.06230047,0.619953178,0.099299412,16.68225365
563,Fall,1,1,0.661079367,0.136619791,0.09516721,8.372859053,0.962659625,0.231787001,9.335518679
564,Winter,1,1,2.590392594,0.195957842,0.040579987,1.81288764,0.539154419,0.236537829,2.352042059
565,Spring,1.25,1,3.481345918,0.151662946,0.10286474,10.55123757,1.099852249,0.280243871,11.65108982
566,Summer,1.25,1,0.879040055,0.053004243,0.046295168,16.06230047,0.619953178,0.110873204,16.68225365
567,Fall,1.25,1,0.68667783,0.136619791,0.09516721,8.372859053,0.962659625,0.255578804,9.335518679
568,Winter,1.25,1,3.010109052,0.195957842,0.040579987,1.81288764,0.539154419,0.246682825,2.352042059
569,Spring,1.5,1,3.586684423,0.151662946,0.10286474,10.55123757,1.099852249,0.305960055,11.65108982
570,Summer,1.5,1,0.970764085,0.053004243,0.046295168,16.06230047,0.619953178,0.122446996,16.68225365
571,Fall,1.5,1,0.712248835,0.136619791,0.09516721,8.372859053,0.962659625,0.279370606,9.335518679
572,Winter,1.5,1,3.198731635,0.195957842,0.040579987,1.81288764,0.539154419,0.256827822,2.352042059
573,Spring,-1.5,1.25,0.841038971,0.151662946,0.10286474,10.55123757,1.099852249,-0.002634163,11.92605288
574,Summer,-1.5,1.25,0.643293999,0.053004243,0.046295168,16.06230047,0.619953178,-0.016438509,16.83724194
575,Fall,-1.5,1.25,0.404437349,0.136619791,0.09516721,8.372859053,0.962659625,-0.006131024,9.576183585
576,Winter,-1.5,1.25,0.502613116,0.195957842,0.040579987,1.81288764,0.539154419,0.135087862,2.486830664
577,Spring,-1.25,1.25,0.834945685,0.151662946,0.10286474,10.55123757,1.099852249,0.023082022,11.92605288
578,Summer,-1.25,1.25,0.59046587,0.053004243,0.046295168,16.06230047,0.619953178,-0.004864717,16.83724194
579,Fall,-1.25,1.25,0.415693487,0.136619791,0.09516721,8.372859053,0.962659625,0.017660779,9.576183585
580,Winter,-1.25,1.25,0.526418073,0.195957842,0.040579987,1.81288764,0.539154419,0.145232859,2.486830664
581,Spring,-1,1.25,0.826396088,0.151662946,0.10286474,10.55123757,1.099852249,0.048798207,11.92605288
582,Summer,-1,1.25,0.541264692,0.053004243,0.046295168,16.06230047,0.619953178,0.006709075,16.83724194
583,Fall,-1,1.25,0.42941591,0.136619791,0.09516721,8.372859053,0.962659625,0.041452581,9.576183585
584,Winter,-1,1.25,0.558692635,0.195957842,0.040579987,1.81288764,0.539154419,0.155377856,2.486830664
585,Spring,-0.75,1.25,0.822401348,0.151662946,0.10286474,10.55123757,1.099852249,0.074514391,11.92605288
586,Summer,-0.75,1.25,0.497639088,0.053004243,0.046295168,16.06230047,0.619953178,0.018282867,16.83724194
587,Fall,-0.75,1.25,0.445286233,0.136619791,0.09516721,8.372859053,0.962659625,0.065244384,9.576183585
588,Winter,-0.75,1.25,0.598939856,0.195957842,0.040579987,1.81288764,0.539154419,0.165522852,2.486830664
589,Spring,-0.5,1.25,0.826709978,0.151662946,0.10286474,10.55123757,1.099852249,0.100230576,11.92605288
590,Summer,-0.5,1.25,0.465353593,0.053004243,0.046295168,16.06230047,0.619953178,0.029856659,16.83724194
591,Fall,-0.5,1.25,0.463251177,0.136619791,0.09516721,8.372859053,0.962659625,0.089036186,9.576183585
592,Winter,-0.5,1.25,0.649364381,0.195957842,0.040579987,1.81288764,0.539154419,0.175667849,2.486830664
593,Spring,-0.25,1.25,0.87002761,0.151662946,0.10286474,10.55123757,1.099852249,0.125946761,11.92605288
594,Summer,-0.25,1.25,0.463876,0.053004243,0.046295168,16.06230047,0.619953178,0.041430451,16.83724194
595,Fall,-0.25,1.25,0.483532402,0.136619791,0.09516721,8.372859053,0.962659625,0.112827989,9.576183585
596,Winter,-0.25,1.25,0.72810836,0.195957842,0.040579987,1.81288764,0.539154419,0.185812846,2.486830664
597,Spring,0,1.25,1.121991649,0.151662946,0.10286474,10.55123757,1.099852249,0.151662946,11.92605288
598,Summer,0,1.25,0.496015073,0.053004243,0.046295168,16.06230047,0.619953178,0.053004243,16.83724194
599,Fall,0,1.25,0.506592184,0.136619791,0.09516721,8.372859053,0.962659625,0.136619791,9.576183585
600,Winter,0,1.25,0.891059109,0.195957842,0.040579987,1.81288764,0.539154419,0.195957842,2.486830664
601,Spring,0.25,1.25,1.623318814,0.151662946,0.10286474,10.55123757,1.099852249,0.177379131,11.92605288
602,Summer,0.25,1.25,0.538421218,0.053004243,0.046295168,16.06230047,0.619953178,0.064578036,16.83724194
603,Fall,0.25,1.25,0.532744732,0.136619791,0.09516721,8.372859053,0.962659625,0.160411594,9.576183585
604,Winter,0.25,1.25,1.193200056,0.195957842,0.040579987,1.81288764,0.539154419,0.206102839,2.486830664
605,Spring,0.5,1.25,2.297399638,0.151662946,0.10286474,10.55123757,1.099852249,0.203095316,11.92605288
606,Summer,0.5,1.25,0.586719499,0.053004243,0.046295168,16.06230047,0.619953178,0.076151828,16.83724194
607,Fall,0.5,1.25,0.561412245,0.136619791,0.09516721,8.372859053,0.962659625,0.184203396,9.576183585
608,Winter,0.5,1.25,1.675231799,0.195957842,0.040579987,1.81288764,0.539154419,0.216247835,2.486830664
609,Spring,0.75,1.25,2.926821445,0.151662946,0.10286474,10.55123757,1.099852249,0.228811501,11.92605288
610,Summer,0.75,1.25,0.640616953,0.053004243,0.046295168,16.06230047,0.619953178,0.08772562,16.83724194
611,Fall,0.75,1.25,0.590875156,0.136619791,0.09516721,8.372859053,0.962659625,0.207995199,9.576183585
612,Winter,0.75,1.25,2.349975848,0.195957842,0.040579987,1.81288764,0.539154419,0.226392832,2.486830664
613,Spring,1,1.25,3.30085139,0.151662946,0.10286474,10.55123757,1.099852249,0.254527686,11.92605288
614,Summer,1,1.25,0.70006141,0.053004243,0.046295168,16.06230047,0.619953178,0.099299412,16.83724194
615,Fall,1,1.25,0.619190083,0.136619791,0.09516721,8.372859053,0.962659625,0.231787001,9.576183585
616,Winter,1,1.25,3.066063593,0.195957842,0.040579987,1.81288764,0.539154419,0.236537829,2.486830664
617,Spring,1.25,1.25,3.450253508,0.151662946,0.10286474,10.55123757,1.099852249,0.280243871,11.92605288
618,Summer,1.25,1.25,0.764888067,0.053004243,0.046295168,16.06230047,0.619953178,0.110873204,16.83724194
619,Fall,1.25,1.25,0.645502661,0.136619791,0.09516721,8.372859053,0.962659625,0.255578804,9.576183585
620,Winter,1.25,1.25,3.550156427,0.195957842,0.040579987,1.81288764,0.539154419,0.246682825,2.486830664
621,Spring,1.5,1.25,3.490919098,0.151662946,0.10286474,10.55123757,1.099852249,0.305960055,11.92605288
622,Summer,1.5,1.25,0.834827028,0.053004243,0.046295168,16.06230047,0.619953178,0.122446996,16.83724194
623,Fall,1.5,1.25,0.670785193,0.136619791,0.09516721,8.372859053,0.962659625,0.279370606,9.576183585
624,Winter,1.5,1.25,3.732331104,0.195957842,0.040579987,1.81288764,0.539154419,0.256827822,2.486830664
625,Spring,-1.5,1.5,0.842751334,0.151662946,0.10286474,10.55123757,1.099852249,-0.002634163,12.20101594
626,Summer,-1.5,1.5,0.673676881,0.053004243,0.046295168,16.06230047,0.619953178,-0.016438509,16.99223024
627,Fall,-1.5,1.5,0.375811625,0.136619791,0.09516721,8.372859053,0.962659625,-0.006131024,9.816848492
628,Winter,-1.5,1.5,0.47535987,0.195957842,0.040579987,1.81288764,0.539154419,0.135087862,2.621619269
629,Spring,-1.25,1.5,0.844353377,0.151662946,0.10286474,10.55123757,1.099852249,0.023082022,12.20101594
630,Summer,-1.25,1.5,0.601768528,0.053004243,0.046295168,16.06230047,0.619953178,-0.004864717,16.99223024
631,Fall,-1.25,1.5,0.382025673,0.136619791,0.09516721,8.372859053,0.962659625,0.017660779,9.816848492
632,Winter,-1.25,1.5,0.49360947,0.195957842,0.040579987,1.81288764,0.539154419,0.145232859,2.621619269
633,Spring,-1,1.5,0.841518248,0.151662946,0.10286474,10.55123757,1.099852249,0.048798207,12.20101594
634,Summer,-1,1.5,0.537479255,0.053004243,0.046295168,16.06230047,0.619953178,0.006709075,16.99223024
635,Fall,-1,1.5,0.392083487,0.136619791,0.09516721,8.372859053,0.962659625,0.041452581,9.816848492
636,Winter,-1,1.5,0.523105128,0.195957842,0.040579987,1.81288764,0.539154419,0.155377856,2.621619269
637,Spring,-0.75,1.5,0.841056965,0.151662946,0.10286474,10.55123757,1.099852249,0.074514391,12.20101594
638,Summer,-0.75,1.5,0.481369563,0.053004243,0.046295168,16.06230047,0.619953178,0.018282867,16.99223024
639,Fall,-0.75,1.5,0.404905155,0.136619791,0.09516721,8.372859053,0.962659625,0.065244384,9.816848492
640,Winter,-0.75,1.5,0.564469617,0.195957842,0.040579987,1.81288764,0.539154419,0.165522852,2.621619269
641,Spring,-0.5,1.5,0.848538594,0.151662946,0.10286474,10.55123757,1.099852249,0.100230576,12.20101594
642,Summer,-0.5,1.5,0.437146874,0.053004243,0.046295168,16.06230047,0.619953178,0.029856659,16.99223024
643,Fall,-0.5,1.5,0.420190053,0.136619791,0.09516721,8.372859053,0.962659625,0.089036186,9.816848492
644,Winter,-0.5,1.5,0.618491298,0.195957842,0.040579987,1.81288764,0.539154419,0.175667849,2.621619269
645,Spring,-0.25,1.5,0.891039318,0.151662946,0.10286474,10.55123757,1.099852249,0.125946761,12.20101594
646,Summer,-0.25,1.5,0.424182665,0.053004243,0.046295168,16.06230047,0.619953178,0.041430451,16.99223024
647,Fall,-0.25,1.5,0.438228597,0.136619791,0.09516721,8.372859053,0.962659625,0.112827989,9.816848492
648,Winter,-0.25,1.5,0.699596317,0.195957842,0.040579987,1.81288764,0.539154419,0.185812846,2.621619269
649,Spring,0,1.5,1.161197256,0.151662946,0.10286474,10.55123757,1.099852249,0.151662946,12.20101594
650,Summer,0,1.5,0.450954875,0.053004243,0.046295168,16.06230047,0.619953178,0.053004243,16.99223024
651,Fall,0,1.5,0.460054852,0.136619791,0.09516721,8.372859053,0.962659625,0.136619791,9.816848492
652,Winter,0,1.5,0.870639756,0.195957842,0.040579987,1.81288764,0.539154419,0.195957842,2.621619269
653,Spring,0.25,1.5,1.727720181,0.151662946,0.10286474,10.55123757,1.099852249,0.177379131,12.20101594
654,Summer,0.25,1.5,0.486678078,0.053004243,0.046295168,16.06230047,0.619953178,0.064578036,16.99223024
655,Fall,0.25,1.5,0.487119413,0.136619791,0.09516721,8.372859053,0.962659625,0.160411594,9.816848492
656,Winter,0.25,1.5,1.217055428,0.195957842,0.040579987,1.81288764,0.539154419,0.206102839,2.621619269
657,Spring,0.5,1.5,2.457194731,0.151662946,0.10286474,10.55123757,1.099852249,0.203095316,12.20101594
658,Summer,0.5,1.5,0.526961501,0.053004243,0.046295168,16.06230047,0.619953178,0.076151828,16.99223024
659,Fall,0.5,1.5,0.519005373,0.136619791,0.09516721,8.372859053,0.962659625,0.184203396,9.816848492
660,Winter,0.5,1.5,1.805645865,0.195957842,0.040579987,1.81288764,0.539154419,0.216247835,2.621619269
661,Spring,0.75,1.5,3.041043873,0.151662946,0.10286474,10.55123757,1.099852249,0.228811501,12.20101594
662,Summer,0.75,1.5,0.571656744,0.053004243,0.046295168,16.06230047,0.619953178,0.08772562,16.99223024
663,Fall,0.75,1.5,0.552115705,0.136619791,0.09516721,8.372859053,0.962659625,0.207995199,9.816848492
664,Winter,0.75,1.5,2.64417262,0.195957842,0.040579987,1.81288764,0.539154419,0.226392832,2.621619269
665,Spring,1,1.5,3.308923786,0.151662946,0.10286474,10.55123757,1.099852249,0.254527686,12.20101594
666,Summer,1,1.5,0.620711928,0.053004243,0.046295168,16.06230047,0.619953178,0.099299412,16.99223024
667,Fall,1,1.5,0.582568382,0.136619791,0.09516721,8.372859053,0.962659625,0.231787001,9.816848492
668,Winter,1,1.5,3.456706295,0.195957842,0.040579987,1.81288764,0.539154419,0.236537829,2.621619269
669,Spring,1.25,1.5,3.377206147,0.151662946,0.10286474,10.55123757,1.099852249,0.280243871,12.20101594
670,Summer,1.25,1.5,0.673903871,0.053004243,0.046295168,16.06230047,0.619953178,0.110873204,16.99223024
671,Fall,1.25,1.5,0.608944745,0.136619791,0.09516721,8.372859053,0.962659625,0.255578804,9.816848492
672,Winter,1.25,1.5,3.921421559,0.195957842,0.040579987,1.81288764,0.539154419,0.246682825,2.621619269
673,Spring,1.5,1.5,3.369076264,0.151662946,0.10286474,10.55123757,1.099852249,0.305960055,12.20101594
674,Summer,1.5,1.5,0.730817803,0.053004243,0.046295168,16.06230047,0.619953178,0.122446996,16.99223024
675,Fall,1.5,1.5,0.633087605,0.136619791,0.09516721,8.372859053,0.962659625,0.279370606,9.816848492
676,Winter,1.5,1.5,4.065662848,0.195957842,0.040579987,1.81288764,0.539154419,0.256827822,2.621619269
